Link URL,Title,Thumbnail URL,Publisher,Content
https://n.news.naver.com/mnews/article/011/0004432493,'AI기본법' 국회 본회의 통과,https://mimgnews.pstatic.net/image/origin/011/2024/12/26/4432493.jpg?type=nf220_150,서울경제,"韓 테크기업에 AI 부작용 ‘예방접종’글로벌 규제 표준 적기 참여 첫발“전력망 확보·52시간제 개선 등민간 투자·창업 촉진 병행해야”韓, 파리 정상회의 신뢰세션 주도26일 국회 본회의에서 인공지능 발전과 신뢰 기반 조성 등에 관한 기본법안(AI기본법)이 통과되고 있다.연합뉴스[서울경제] 인공지능(AI) 산업 육성과 규제 근거를 담은 국내 최초의 기본법이 탄핵정국 속에서 가까스로 국회 문턱을 넘어 제정된다. 다만 이는 빠르게 강화하고 있는 글로벌 AI 규제 대응을 위한 첫걸음을 뗀 것에 불과하는 게 전문가의 평가다. 최근 가짜뉴스(허위정보)·딥페이크 등 AI 부작용에 맞서 전 세계적인 규제 표준, 이른바 글로벌 스탠다드 수립 움직임이 본격화한 상황에서 자국 기업 보호를 위해서는 정부의 관련 제도 정비와 업계의 선제적인 자구책 마련이 시급하다는 지적이 나온다.26일 국회는 인공지능 발전과 신뢰 기반 조성 등에 관한 기본법은 재석 264명 중 찬성 260명, 반대 1명, 기권 3명으로 통과시켰다. 이날 정보기술(IT) 업계에 따르면 정부는 내년 2월 10일(현지시간) 프랑스 파리에서 주요국 참여로 열릴 ‘파리 AI 행동 정상회의’에서 5개 주요 세션 중 하나인 ‘AI 신뢰(Trust in AI)’ 세션 개최를 주도적으로 맡기로 했다. 한국 측 인사가 회의를 주재하는 식의 방안을 프랑스 측과 논의 중인 것으로 전해졌다. 한국이 올해 5월 ‘AI 서울 정상회의’에 이어 파리에서도 AI 안전에 관한 글로벌 논의를 주도하겠다는 것이다. 또 파리 AI 정상회의에서는 유럽연합(EU)이 자국 AI법에 따라 전 세계 기업들이 따라야 할 가이드라인인 ‘행동강령(code of conduct)’을 마련할 거라는 전망이 나오는 등 AI 안전이 전체 행사의 핵심 주제가 될 것으로 보인다.이에 맞춰 이날 ‘인공지능 발전과 신뢰 기반 조성 등에 관한 기본법안(AI 기본법)’이 국회 본회의를 통과한 것을 두고 입법을 추진한 정부는 물론 업계에서도 “한숨 돌렸다”는 반응이 나왔다. EU가 AI법을 새해에 본격 시행하는 등 전 세계적으로 AI 안전 확보를 위한 규제가 강화하는 가운데 한국 역시 AI기본법을 만들어 기업들을 규제 환경에 적응시켜 해외 진출을 도와야 한다는 목소리가 지배적이었기 때문이다. 가짜뉴스, 딥페이크, 개인정보와 저작권 침해 등 AI 기술의 폐해가 심해지면서 이를 예방할 관련 기술과 정책을 일컫는 AI 안전 확보가 성능만큼이나 중요해진 상황이다.김명주 AI안전연구소장은 “기업들이 AI를 수출하려면 글로벌 규제를 받을 수밖에 없다”며 “차라리 AI기본법과 그에 따른 선제적 규제로 국내에서 문제를 먼저 해결하고 해외로 나가는 게 효율적”이라고 평가했다. 한 AI 기업 관계자도 “가이드라인 없이 기술 홀로 발전할 수는 없다”며 “경쟁국보다 늦지 않게 명확한 방향을 제시해주는 것은 환영할 일”이라고 말했다. AI기본법은 이용자의 생명과 안전, 기본권에 중대한 영향을 미치는 AI 기술을 ‘고영향 AI’로 규정하고 AI가 만든 콘텐츠에 워터마크(식별표시)를 넣는 등 개발사의 AI 신뢰성 확보 노력을 의무화하며 위반행위에 대해서는 과학기술정보통신부가 사실조사와 시정명령을 할 수 있도록 한다.다만 AI기본법이 제효과를 내려면 시행령 마련 등 후속조치가 시급하다는 지적도 나온다. 업계 관계자는 “대표적으로 고영향 AI를 구체화해야 한다”며 “가령 기본법상으로는 의료기기에 쓰이는 일부 AI 시스템을 고영향 AI로 보는데 구체적으로 어느 기술이 범주에 해당하는지를 알아야 기업들이 개발 방향을 잡고 우려를 덜 수 있다”고 전했다.AI기본법만으로는 산업 지원에 역부족이라는 지적도 있다. AI 전력 수요 충족을 위해 필요하지만 국회에 계류 중인 국가기간전력망 확충 특별법 등이 함께 처리되지 않으면 AI기본법이 반쪽짜리 정책에 그칠 수밖에 없다는 것이다. 이경전 경희대 빅데이터응용학과 교수는 “AI기본법만으로는 큰 의미가 없다”며 “AI 산업 육성은 민간 투자 유치와 이를 통한 오픈AI 같은 딥테크 차업이 핵심”이라고 말했다. 이어 “주52시간제나 세액공제 등 민간 투자를 활성화할 전반적인 제도 정비가 더 중요하다”고 했다. 위원장인 윤석열 대통령 탄핵소추로 추진동력을 잃은 국가AI위원회의 재정비도 과제다.이에 과기정통부도 시행령 포함 하위법령 마련을 내년 12월 기한보다 이른 6월까지 마치는 등 후속조치를 서두른다는 방침이다. 산하 AI안전연구소는 EU와 협력해 한국 기업들이 국내 법에 따른 인증만으로도 현지 시장에 AI 서비스를 출시할 수 있도록 상호인증 제도 협력을 추진할 계획이다. 국내 기업들이 전 세계적으로도 특히 강력한 규제로 평가받는 EU의 AI법 대신 국내 법을 충족하는 것만으로도 현지 사업을 할 수 있도록 하겠다는 것이다. 김 소장은 “다른 나라들과도 비슷하게 협력을 추진할 것”이라고 말했다.세계 최초 AI 규제인 EU AI법은 AI기본법의 고영향 AI와 비슷한 ‘고위험 AI’뿐 아니라 인간의 존엄성 등을 위배해 사용 자체가 금지되는 ‘수용 불가 위험 AI’를 포함해 ‘제한된 위험성을 갖는 AI’, ‘저위험 AI’ 등으로 AI 위험 등급을 세분화해 규제한다. 수용 불가 위험 AI 관련 규정을 위반한 기업은 글로벌 연 매출의 최대 7% 또는 3500만 유로(533억 원)를 제재금으로 내야 한다."
https://n.news.naver.com/mnews/article/366/0001043151,"‘퐁퐁남’ 논란 네이버웹툰, 외부 자문위 꾸려… “책임 있는 플랫폼 될 것”",https://mimgnews.pstatic.net/image/origin/366/2024/12/27/1043151.jpg?type=nf220_150,조선비즈,"네이버웹툰 이세계 퐁퐁남 표지 사진./네이버웹툰 제공        네이버웹툰이 콘텐츠 정책 개선을 위해 외부 자문위원회를 꾸렸다. 앞서 네이버웹툰은 ‘이세계 퐁퐁남’이라는 아마추어 작품이 여성 혐오 논란을 빚으며 누리꾼들의 비판을 받은 바 있다.27일 네이버웹툰에 따르면, 회사는 이날 오후 콘텐츠 서비스 운영 정책 외부 자문위원회를 발족했다. 자문위원으로는 김민호 성균관대 법학전문대학원 교수, 김현경 서울과학기술대 IT정책전문대학원 교수, 신일숙 한국만화가협회장, 정덕현 문화평론가가 위촉됐다.김민호 교수와 김현경 교수는 현재 각각 한국인터넷자율정책기구(KISO) 위원장과 혐오 표현 심의소위원회 위원직도 맡고 있다.네이버웹툰에 따르면 자문위원회는 창작자와 플랫폼 담당자 등의 의견을 수렴하고 네이버웹툰의 콘텐츠 서비스 운영 정책을 검토한 뒤 권고 의견을 제출하는 역할을 한다. 네이버웹툰은 외부 자문위의 권고사항을 토대로 공모전을 포함한 전체 콘텐츠 운영 정책을 재검토할 예정이다.앞서 네이버웹툰은 ‘이세계 퐁퐁남’에서 비롯된 논란으로 혐오 표현 제재에 소극적이라는 비판을 받았다. ‘이세계 퐁퐁남’은 여성에게 이용당한 남성이 삶을 포기한 순간 다른 차원의 세계로 넘어간다는 이야기의 아마추어 웹툰으로, 여성 혐오적인 표현과 내용이 문제가 됐다.이 웹툰이 지난 9월 네이버웹툰 지상최대공모전에서 1차 심사를 통과하자, 여성 독자를 중심으로 네이버웹툰 불매운동까지 이어졌다.당시 플랫폼 측은 아마추어 작품이며 창작의 자유를 침해할 수 있다는 이유로 해당 웹툰을 제재할 수 없다고 밝혔다. 그러나 논란이 커지면서 공식 사과하고 개선점 마련을 약속했다.네이버웹툰 관계자는 “자문위를 통해 창작의 자유를 존중하는 동시에 책임 있는 플랫폼으로서의 역할을 다하고자 노력할 것”이라고 말했다."
https://n.news.naver.com/mnews/article/009/0005420455,"SKT, SK커뮤니케이션즈 등 3개 자·손자사 삼구아이앤씨에 매각",https://mimgnews.pstatic.net/image/origin/009/2024/12/27/5420455.jpg?type=nf220_150,매일경제,"SK텔레콤이 핵심 사업에 역량을 집중하기 위해 자회사 및 손자회사 3곳을 삼구아이앤씨에 매각한다. 26일 통신업계에 따르면 SK텔레콤은 포털사이트 네이트와 메신저 서비스 네이트온 등을 운영하는 자회사 SK커뮤니케이션즈와 F&U신용정보, 손자회사인 복지 플랫폼 기업 SK엠앤서비스를 삼구아이앤씨에 매각하기로 했다. 각 사 지분 일부나 전량을 매각할 예정이다. 구체적인 매각 규모는 알려지지 않았다. 네이트 로고.SK텔레콤 관계자는 “통신과 인공지능(AI) 사업에 집중하기 위해 자회사 및 손자회사 3곳을 매각하기로 했다”며 “매각 이후에도 3사와 사업 협력을 계속할 예정”이라고 밝혔다.삼구아이앤씨는 시장 내 지배력과 경쟁력을 강화하기 위해 이들 기업을 인수한 것으로 알려졌다. 삼구아이앤씨는 2차전지 관련 기업으로 국내 대기업에 인력을 공급하고 있다. SK그룹은 지난 10월께부터 SK커뮤니케이션즈를 매각하기로 하고 주관사 선정에 나섰다. SK커뮤니케이션즈는 싸이월드와 네이트, 네이트온으로 주목받던 회사였으나 모바일 시대에 접어들면서 고전했으며 지난해에는 86억원 이상의 영업 손실을 기록했다. 2015년에는 IHQ에 매각을 시도했으나 성사되지 못한 바 있다."
https://n.news.naver.com/mnews/article/003/0012984197,"과기정통부, 연구소기업 2000호 배출… AI·원전 기술 사업화",https://mimgnews.pstatic.net/image/origin/003/2024/12/27/12984197.jpg?type=nf220_150,뉴시스,"제1호 연구소기업 이후 19년 만2000호 '딥아이' 원전 검사 기술 국산화 예정[서울=뉴시스] 과학기술정보통신부 건물 사진. (사진-과기정통부 제공) 2024.12.27. photo@newsis.com  *재판매 및 DB 금지[서울=뉴시스]이주영 수습 기자 = 과학기술정보통신부가 지원하는 연구소기업이 2000개를 돌파했다. 연구소기업의 기획과 설립, 성장까지 전 주기를 지원하며 제도를 꾸준히 개선한 결과 19년 만에 이러한 성과를 달성한 것이다. 과기정통부는 27일 울주강소특구의 '딥아이'가 2000호 연구소로 선정됐다며 이 같은 내용을 밝혔다. 딥테크 기술을 보유한 딥아이는 한국수력원자력, 미래과학기술지주, 한국과학기술지주에서 기술과 자본을 공동 출자받아 연구소기업으로 등록됐다. 딥아이는 강소특구육성사업의 지원을 받아 창업 기반을 마련했다.딥아이는 40년간 축적된 한국수력원자력 기술과 데이터베이스를 활용하고, 울산과학기술원과 한국원자력연구원의 인공지능(AI) 기술을 융합해 국가 차원의 기술을 사업화했다. 이번 연구소기업 등록을 계기로 딥아이는 '인공지능 기반 와전류탐상검사(ECT) 자동평가솔루션'을 본격 사업화해 해외 의존도가 높은 원전검사 관련 핵심기술을 국산화할 예정이다.연구소기업은 공공연구기관의 기술을 직접 사업화하기 위해 연구개발특구 내에 설립된 기업이다. 2020년 1000호를 돌파한 연구소기업은 현재 전국 19개 광역 및 강소 연구개발특구에서 확산하고 있다. 1호 연구소기업으로 2006년에 설립된 콜마BNH은 코스닥 상장을 통해 출자기관인 한국원자력연구원에 1320억원의 누적 투자금 회수와 연구자 100억원대 기술료 수입 등의 성과를 냈다. 1269호 연구소기업 큐어버스는 최근 5037억원에 달하는 대형 기술을 이전하는 데 성공했다. 유상임 과기정통부 장관은 ""연구소기업 2000호 달성은 국가 R&D와 지역 기술산업화의 지속적인 동반성장을 통해 이루어낸 의미 있는 성과라고 생각한다""며 ""앞으로 국가전략기술을 중심으로 미래를 선도하는 연구소기업을 집중적으로 육성해 과학기술강국에 기여하도록 아낌없이 지원하겠다""고 말했다．"
https://n.news.naver.com/mnews/article/421/0007988712,"단통법 폐지…정부 ""이통사 경쟁 활성화·가계통신비 경감 기대""",https://mimgnews.pstatic.net/image/origin/421/2024/12/26/7988712.jpg?type=nf220_150,뉴스1,"단통법 폐지안 26일 국회 본회의 통과(과기정통부 제공)(서울=뉴스1) 나연준 기자 = 정부는 단통법(이동통신단말장치 유통구조 개선에 관한 법률안) 폐지로 이동통신사 간 경쟁이 활성화되고 국민들의 가계통신비 경감 효과가 나타나길 기대한다고 26일 밝혔다.단통법 폐지안과 전기통신사업법 개정안은 이날 오후 국회 본회의를 통과했다.단통법은 보조금 대란 등 극심한 이용자 차별을 방지하고 공정·투명한 유통질서 확립을 위해 2014년 도입됐다. 하지만 사업자 간 지원금 경쟁이 위축돼 이용자가 단말기를 보다 저렴하게 구입할 수 있는 기회가 제한되고 소비자 후생이 전반적으로 감소했다는 비판을 받기도 했다.이에 정부는 단통법 전면 폐지를 추진했다. 이동통신사의 단말기 지원금 공시의무와 유통점의 추가지원금 상한(공시지원금의 15% 이내) 규제가 폐지돼 사업자 간 지원금 경쟁이 활성화될 수 있는 여건이 조성됐다. 가입유형·요금제에 따른 부당한 지원금 차별을 금지하는 규정도 사라졌다.지원금을 받지 않는 이용자에게 요금할인 혜택을 제공하는 선택약정할인 제도는 현행 수준(요금할인 25%) 수준을 유지한다.또한 △이용자의 나이·거주지역·신체조건에 따른 부당한 차별 금지 △단말기 구입비용 오인 유도행위 금지 △판매점 사전승낙제 △이동통신사·제조사의 부당한 지원금 지급 지시·유도 금지 △중고 단말장치 안심거래 사업자 인증제 △분실·도난 단말장치 수출 방지 등 시장 건전화와 이용자 권익 보호를 위해 조항들은 전기통신사업법으로 이관된다.방송통신위원회는 시장 관리 책무 규정이 신설됨에 따라 향후 시장에서의 불공정행위에 대한 모니터링을 강화하고 이용자 피해를 방지할 계획이다.유상임 과기정통부 장관은 ""사업자 간 자유로운 지원금 경쟁을 촉진해 국민의 휴대전화 단말 구입 부담을 완화하면서 법 폐지에 따라 발생할 수 있는 부작용을 최소화하기 위한 노력도 기울이겠다""며 ""알뜰폰 사업자의 경쟁력 강화, 중고폰 거래 활성화 등 국민의 가계통신비 부담을 완화하기 위한 정책을 지속 추진해 나가겠다""고 말했다.김태규 방통위 위원장 직무대행은 ""향후 시장 혼란과 이용자 피해를 방지하기 위해 필요한 후속 조치를 충실하게 추진하고, 단말기 유통시장이 건전하게 유지될 수 있도록 관련 상황을 주의 깊게 살펴보겠다""고 했다."
https://n.news.naver.com/mnews/article/277/0005524069,"카카오프렌즈, 넷플릭스 '오징어 게임 시즌2'와 브랜드 협업",https://mimgnews.pstatic.net/image/origin/277/2024/12/27/5524069.jpg?type=nf220_150,아시아경제,"카카오는 넷플릭스 시리즈 오징어 게임 시즌2와 협업해 캐릭터 컬래버레이션 및 카카오톡 플랫폼에서 다양한 '춘식이 게임' 콘텐츠를 선보인다고 27일 밝혔다.카카오는 카카오톡 프로필 업데이트 영역의 '프로필 풀 뷰'를 통해 '춘희'가 등장하는 브랜드 협업 영상을 공개하며 '춘식이 게임'의 시작을 알렸다. 또 미니 이모티콘을 출시하고, 카카오톡의 선물하기, # 검색, 펑, 톡채널 등 다양한 서비스와 기능을 활용한 게임형 콘텐츠를 순차적으로 선보일 예정이다.이와 함께 컬래버 굿즈도 출시한다. 굿즈는 춘희와 '플레이어 라이언' 인형을 비롯해 키링 인형, 양말, 티셔츠, 데코 스티커 등 총 13종이다. 온·오프라인 프렌즈샵과 카카오톡 선물하기, 무신사에서 구매할 수 있다. 카카오프렌즈 강남과 홍대 플래그십 스토어를 포함한 전 매장도 이번 컬래버 테마로 새롭게 꾸민다.카카오톡 선물하기는 이날부터 춘식이 게임 기획전을 열고, 11개 브랜드의 오징어게임 시즌2 컬래버 상품 14종을 선보인다. ▲인스탁스 미니12 패키지 ▲정관장 활기력 부스터3X ▲볼빅 골프공 세트 ▲레고트 텀블러 기프트 세트 ▲카고컨테이너 캠핑용품 ▲옥스포드 블록 등 선물하기에서만 만나볼 수 있는 단독 상품으로 구성했다.카카오 관계자는 ""앞으로도 카카오프렌즈는 다양한 글로벌 지식재산권(IP)들과의 협업을 통해 브랜드의 영역을 확장해 나갈 계획""이라고 전했다."
https://n.news.naver.com/mnews/article/030/0003271643,상반기 통신이용자 정보 제공 136만건...전년대비 44% 감소,https://mimgnews.pstatic.net/image/origin/030/2024/12/27/3271643.jpg?type=nf220_150,전자신문,"과기정통부 로고올해 상반기 검찰, 경찰 등 수사기관이 통신사업자로부터 제공받은 통신 이용자 정보가 지난해 같은 기간에 비해 44% 줄어들었다.과학기술정보통신부는 27일 105개 전기통신사업자(기간통신 70개·부가통신 35개)가 제출한 올해 상반기 통신 이용자 정보 및 통신사실 확인자료 제공, 통신제한조치 협조 현황을 집계해 발표했다.통신 이용자 정보는 이용자 성명, 주민등록번호, 주소, 가입 및 해지 일자, 전화번호 등 통신서비스 이용자의 기본 인적사항으로, 수사기관 등이 보이스피싱이나 납치 피해자 확인 등 신속한 범죄 수사를 위해 전기통신사업법에 따라 공문으로 요청해 전기통신사업자로부터 제공받는다.올해 상반기 검찰, 경찰, 국정원, 기타 기관(고용노동부·관세청 등) 등에 제공된 통신 이용자 정보 건수는 작년 상반기보다 전화번호 수 기준으로 241만8668건에서 136만1118건으로 43.7% 감소했다. 문서 수 기준으로는 57만810건에서 47만6844건으로 16.5% 줄었다. 기관별로는 경찰이 작년 상반기보다 정보를 56만5198건 덜 제공받아 가장 많이 감소했다. 같은 기간 검찰은 47만6044건, 공수처는 1415건 줄었다. 통신수단별로는 유선전화와 이동전화에 대한 정보 제공은 감소했고 인터넷 관련 정보 제공은 지난해 상반기 3만6753건에서 올해 상반기 5만1559건으로 증가했다.반면 통화 상대방 전화번호와 통화 일시 등을 포함한 통신사실 확인자료는 작년 상반기 대비 전화번호 수 기준 25만4190건에서 29만3112건으로 15.3% 증가했다.검찰과 공수처에 제공한 정보 건수는 감소했지만, 경찰과 국정원, 기타 기관에 제공한 정보는 늘어난 것으로 확인됐다.음성 통화 내용과 이메일 등 통신 내용을 제공받는 '통신제한조치' 건수도 증가한 것으로 집계됐다.통신제한조치는 통신사실 확인자료 제공보다 더욱 엄격하게 이뤄진다. 올해 상반기 통신제한조치 건수는 작년 동기 대비 전화번호 수 기준으로 4845건에서 5278건으로 8.9% 증가했다. 통신제한조치는 중범죄로 한정된 만큼 2건을 제외하고는 모두 국정원에서 요청한 것으로 확인됐다."
https://n.news.naver.com/mnews/article/014/0005288063,네이버 사옥에 '오겜2' 분홍색 괴한 떴다... 무슨 일?,https://mimgnews.pstatic.net/image/origin/014/2024/12/27/5288063.jpg?type=nf220_150,파이낸셜뉴스,네이버 1784 사옥 안에서 오징어게임의 핑크가드들이 창밖을 향해 서있다. 네이버 제공. [파이낸셜뉴스] 네이버가 넷플릭스 '오징어게임' 시즌2 공개를 기념해 사옥에서 이벤트를 개최했다고 27일 밝혔다.   네이버는 26일 경기 성남시 네이버 1784 사옥에 '네넷'이라는 글자를 노출했다. 네넷은 네이버플러스 멤버십과 넷플릭스와의 제휴를 의미한다. 이날 저녁 7시부터 약 2시간 동안 경부고속도로 방면의 1784 사옥에 노출됐다.   가면과 핑크색 수트를 입은 오징어게임의 대표 등장인물인 '핑크가드'들이 사옥 안에서 바깥을 바라보고 있는 모습도 보였다.   네이버 관계자는 “오징어게임 시즌2 공개를 기념해 많은 대중들이 네이버플러스 멤버십에 관심을 가질 수 있도록 이벤트를 진행했다”고 밝혔다.   네이버는 지난달 26일부터 넷플릭스와 제휴로 국내 정보기술(IT) 플랫폼 멤버십 서비스 중 최초로 넷플릭스 이용권을 제공하고 있다. 멤버십 이용자들은 월 4900원의 구독료(연간 이용권 월 3900원)로 '넷플릭스 광고형 스탠다드 요금제'를 디지털 콘텐츠 혜택으로 선택해 이용할 수 있다.
https://n.news.naver.com/mnews/article/015/0005075472,"""하루만에 150만명"" 오겜2 덕 봤다…신난 네이버, 무슨 일?",https://mimgnews.pstatic.net/image/origin/015/2024/12/27/5075472.jpg?type=nf220_150,한국경제,"네이버 오겜2 오픈톡 150만 방문네이버 사옥 안팎 '오겜2'로 장식넷플릭스 멤버십 제휴 홍보 총력오징어 게임 시즌2. 사진=넷플릭스 제공네이버가 넷플릭스 오리지널 시리즈 '오징어 게임 시즌2' 인기에 올라타기 위해 공을 들이고 있다. 오징어 게임 공개 당일 관심사 기반 커뮤니티 서비스 내에 별도의 대화방을 신설한 데 이어 사옥 외벽에 네이버와 넷플릭스 간 제휴를 의미하는 '네넷' 문구를 표시하는 이벤트를 진행했다. 27일 네이버 관심사 기반 커뮤니티 '네이버톡'에 따르면 전날 '오징어 게임 시즌2' 오픈톡방엔 149만9175명이 방문한 것으로 집계됐다. 넷플릭스는 같은날 오후 5시 오징어 게임 시즌2를 공개했다. 오징어 게임 오픈톡방은 이날 오후 1시 기준 170만명이 넘는 방문자 수를 기록 중이다. 네이버는 화제작이 공개될 때마다 오픈톡방을 개설해 팬들이 자유롭게 소통할 수 있는 장을 마련해 왔다. 네이버가 지난 26일 '네이버 1784' 사옥에서 루버를 활용해 '네넷' 글자를 연출하고 있다. 사진=네이버 제공네이버는 오징어 게임 공개 당일 '네이버 1784' 사옥 창문에 부착된 수직 루버를 활용한 이벤트도 진행했다. 햇빛을 차단하는 수직 루버를 조정해 네이버플러스 멤버십과 넷플릭스 간 제휴를 뜻하는 '네넷'이란 글자를 외관에 표시한 것이다. 이 글자는 전날 오후 7시부터 약 2시간 동안 경부고속도로 방면을 향해 노출됐다. 가면과 핑크색 수트를 입은 '오징어 게임' 대표 등장인물인 핑크가드들이 사옥 안에서 바깥을 바라보는 모습도 연출했다. 네이버 측은 ""넷플릭스 오징어 게임 시즌2 공개를 기념해 많은 대중이 네이버플러스 멤버십에 관심을 가질 수 있도록 이벤트를 진행했다""고 설명했다.지난 26일 네이버 1784 사옥 안에서 '오징어 게임' 속 등장인물인 핑크가드들이 창밖을 향해 있다. 사진=네이버 제공네이버는 지난달 26일부터 네이버플러스 멤버십 회원들을 대상으로 넷플릭스 이용권을 제공하고 있다. 국내 IT 플랫폼 멤버십 서비스 중에선 최초 사례다. 네이버플러스 멤버십 회원은 월 구독료 4900원으로 넥플릭스 광고형 스탠다드 요금제를 선택해 이용할 수 있다. 네이버는 멤버십 홍보를 위해 오징어 게임을 전면에 내세운 홍보영상도 공개했다. 지난달 27일 공개한 영상은 이날 기준 조회수 470만회에 이르고 이달 9일 올린 영상의 경우 200만회를 기록하고 있다. "
https://n.news.naver.com/mnews/article/018/0005914587,“데이터 이전 적정성 평가있었으면 라인야후 사태 없었을 것”,https://mimgnews.pstatic.net/image/origin/018/2024/12/27/5914587.jpg?type=nf220_150,이데일리,"올 한해 달군 라인야후 사태, 핵심은 국가간 데이터 이전개인정보위 한일 데이터 이전 평가 고려데이터 이전 규제 완화 미국, 현지화 요구 중국영국 등 AI 수준 비슷한 국가와 협력 절실[이데일리 김현아 기자] 올해 라인(LINE) 메신저의 개인정보 유출 사건으로 촉발된 ‘라인야후’ 사태는 일본 총무성의 행정지도와 함께 큰 파장을 일으켰다. 라인야후의 최대 주주인 A홀딩스는 네이버(NAVER(035420))와 소프트뱅크가 각기 50%씩 지분을 보유하고 있으며, 일본 총무성의 행정지도에는 라인야후와 네이버 간 시스템 분리 및 자본 관계 재검토가 포함돼 사실상 지분 매각 압박으로 해석됐다.지난 7월, 라인야후는 재발 방지 대책 보고서를 제출했고, 일본 총무성은 이를 긍정적으로 평가했다. 이후 소프트뱅크는 네이버와 라인야후 지분 문제에 대한 논의를 당분간 진행하지 않기로 하면서 지분 논란은 일단락됐다.사진=AFP[이데일리 문승용 기자]하지만 ‘라인야후’ 사태는 전 세계적으로 인터넷 플랫폼의 데이터 이전 및 데이터 주권 문제에 대한 논란을 촉발시켰다. 데이터를 주요 자원으로 활용하는 인공지능(AI)시대에는 국가 간 데이터 이전을 둘러싼 논란이 더욱 격화될 것으로 전망된다.한일 데이터 이전 체계 만들 필요성이러한 상황에서 개인정보보호위원회는 국가 간 데이터 이전에 대한 적정성 평가를 추진 중에 있어 주목된다. 최윤정 개인정보보호위원회 국제협력담당관은 지난 12일 고려대 기술법정책센터와 법무법인 광장이 공동 개최한 ‘트럼프 2.0 시대 디지털 정책 세미나’에서 “한일 데이터 이전 적정성 평가도 일본과 EU 간 논의가 마무리되면 한국과도 논의를 시작할 수 있을 것”이라고 밝혔다. 이어 그는 “만약 한일 데이터 이전 적정성 평가가 이뤄졌다면, 네이버가 라인의 데이터를 네이버클라우드로 이전한 것이 문제가 되지 않았을 수도 있다. 결국 EU의 승인을 받았다면 큰 문제가 없었을 것으로 보인다. 이 부분도 한 번 고려하면 어떨까 생각한다”고 덧붙였다.그는 또한 “EU와 일본은 이미 상호적으로 데이터 이전에 대해 합의하고 있으며, 한국은 현재 EU로부터 동등성 인정 절차를 진행 중에 있다”고 설명했다.데이터 이전에 대한 규제 완화 요구하는 미국일본 정부가 자국민의 데이터가 포함된 라인의 시스템을 네이버와 분리하려는 것과 달리, 미국 정부는 데이터 이전에 대한 규제 완화를 지속적으로 요구하고 있다.최윤정 개인정보보호위원회 국제협력담당관은 “한국은 데이터의 국외 이전을 금지하지 않지만, 특정 요건 하에서 가능하다고 주장해 왔다”고 설명하며 “한국은 이미 EU와의 데이터 이전에 대한 적정성 결정을 받았고, 현재 한국에서 EU로의 데이터 이전을 자유롭게 할 수 있는 체계를 마련하고 있다”고 밝혔다.그러나 그는 “반면 미국은 연방 개인정보 보호법이 부재해 데이터 이전 문제 해결에 어려움이 있으며, EU와의 경우는 ‘데이터 프라이버시 프레임워크(DPF)’ 방식을 통해 문제를 해결하고 있다”고 덧붙였다. 또한, 미국은 아시아 태평양 지역에서 ‘AP CBPR’이라는 인증 제도를 통해 데이터를 이전하고 있으며, 이를 글로벌로 확장하려는 노력을 기울이고 있다. 그러나 인증 요건의 차이로 인해 국가 간 데이터 이전에 어려움이 존재하며, 이를 개선하기 위한 작업이 진행 중에 있다고 설명했다.특히, 그는 “AI 규제 완화를 강조하는 미국은 이제 법적 규제보다는 자율 규제를 추진하고, 기업의 혁신을 지원하는 방식을 채택하는 듯하다”고 언급하며, “미국의 글로벌 기업들이 추진하는 AI 데이터 프라이버시 정책 방향이 한국과는 다소 차이가 있을 수 있다”고 말했다. 이어서 “글로벌 빅테크 기업들에 대한 규제에서 미국은 제재 완화 압박을 강하게 가하고 있으며, 이러한 경향이 앞으로 더욱 강화될 것으로 예상된다”고 덧붙였다.출처: 서울시립대 이주형 법학전문대학원 교수데이터 현지화 요구하는 중국…실용적인  통상 필요산업통상자원부 한주실 FTA서비스투자과장은 “미국은 자국의 빅테크 기업들을 보호하기 위해 데이터 로컬라이제이션 조항을 통상 협정에 반영하려 했으나, 최근에는 이러한 입장을 철회했다”고 전하며, “미국은 자국 데이터를 자유롭게 이동시키려는 입장이지만, 중국이나 인도네시아 등은 데이터 현지화를 요구하는 입장”이라고 설명했다. 그는 이어 “이는 각국의 데이터 정책이 자국의 실리적 이익을 중심으로 변화하고 있음을 보여준다”고 덧붙였다.또한 그는 “영국 등 우리와 비슷한 수준의 경쟁력 있는 AI 기업들이 있는 국가들과 협력하는 실용적인 통상이 필요한 시점”이라며, “바이오 파트너십 협정과 같은 특정 분야의 실용적인 FTA를 추진하고 있다”고 밝혔다."
https://n.news.naver.com/mnews/article/016/0002408429,“너도 점 믿어? 실망이네” 요즘엔 점집 가기도 눈치…앱만 신났다,https://mimgnews.pstatic.net/image/origin/016/2024/12/27/2408429.jpg?type=nf220_150,헤럴드경제,"[ tvN 유 퀴즈 온 더 블럭 영상 캡쳐][헤럴드경제 = 김상수 기자] “너, 점 믿는 사람이었어?”박모(43) 씨는 매년 이즈음이면 꼭 신년 점을 보곤 했다. 이런저런 입소문을 타고 작년엔 주변 지인들과 함께 가기도 했다. 올해는 분위기가 크게 다르다.박 씨는 “계엄·탄핵으로 사람들끼리 난리인데, 얘기하다 보면 점이나 사주 등 샤머니즘 얘기가 꼭 나온다”며 “사람들한테 점 보러 가자고 얘기하면 큰일 날 분위기”라고 토로했다.‘12·3 비상계엄’ 사태를 기획했단 혐의를 받는 노상원 전 국군 정보사령관이 점집을 운영한 사실이 알려지는 등 점이나 사주에 대한 국민적 인식 자체가 부정적으로 바뀐 탓이다. 무속업계 입장에선 날벼락인 셈이다. 특히나 연말연초 점이나 사주 수요가 급증하는 시기와 맞물려 타격은 더 크다.지난 23일 오전 경기 안산시 상록구 소재 노상원 전 정보사령관이 차린 점집 앞에 제사 용품들이 쌓여 있다. [연합]이에 공개적으로 점집 등을 찾는 대신, 앱 등 비대면 플랫폼으로 나 홀로 신년 운세를 확인하는 이들이 늘고 있다. 특히, 젊은 층 사이에선 점집이나 사주카페 등보다 저렴하면서도 편리한 사주 앱을 사용하는 이들이 크게 늘고 있는 추세다.모바일인덱스에 따르면, 사주 앱인 포스텔러의 월간 활성 사용자 수(MAU, 안드로이드+iOS)는 11월에 60만명을 돌파했다. 지난 6월 50만명을 기록한 이후 5개월 만에 20%가량 급증한 수치다.[게티이미지뱅크]원래 추세적으로 사주 앱 이용은 연말과 연초에 급증하고 그 사이엔 감소하는 추세이지만, 이를 감안하더라도 올해 말의 증가세는 눈에 띈다. 전년 동월(45만4549명) 대비로도 32%가량 늘었다.탄핵 정국까지 겹친 12월은 더 폭발적 증가세다. 12월 2일부터 22일까지만 집계된 활성 사용자 수만 98만4245명. 사실상 100만명을 돌파할 전망이다.[자료 출처 =모바일인덱스]또 다른 사주 앱, 점신도 유사한 흐름이다. 11월 MAU는 86만명으로, 전년 동월(72만7094명)보다 20% 가까이 급증했다. 점신 역시 12월엔 2~22일 기준으로 이미 133만명을 기록, 100만명을 훌쩍 넘겼다. 두 앱 모두 12월 들어서 폭발적 성장세를 기록 중이다.요즘 젊은 층에선 인공지능인 챗GPT로 사주를 보는 방식도 유행하고 있다. 태어난 날짜와 시간 등을 입력하고 구체적인 질문 리스트 등까지도 SNS에 공유된다.최근 처음으로 사주 앱을 써봤다는 직장인 최모(39) 씨는 “요즘 워낙 불황이라 내년 걱정이 크다”며 “정색하고 점집을 가기엔 부담스러워 사주 앱을 한번 써봤는데, 재물 운이 있다고 하니 나름 큰 위안이이 됐다”고 전했다."
https://n.news.naver.com/mnews/article/008/0005134146,"""생각보다 별로"" 평에도…""일단 봐야지"" 오징어게임2, 화제성은 최고",https://mimgnews.pstatic.net/image/origin/008/2024/12/27/5134146.jpg?type=nf220_150,머니투데이,"/사진제공=넷플릭스넷플릭스의 최고 기대작 '오징어게임 시즌2' 공개 직후 찬사와 혹평이 엇갈리고 있다. 전작의 그림자 탓인지 현재까지는 '기대 이하'라는 시각이 우세하지만, 공개를 기다려 온 시청자가 많았던 만큼 화제성 측면에선 다른 콘텐츠를 압도하고 있다. 오징어게임2는 국내 TV·OTT 랭킹 플랫폼 '키노라이츠'에서 27일 오후 5시 기준 콘텐츠 통합 랭킹 1위를 차지했다. 키노라이츠의 통합 순위는 넷플릭스와 더불어 티빙·쿠팡플레이·웨이브·디즈니+·왓챠 등 OTT와 극장가 박스오피스의 콘텐츠까지 비교한다. 전날 오후 5시 공개된 오징어게임2가 24시간 만에 전체 플랫폼의 콘텐츠를 모두 밀어낸 셈이다. 오징어게임은 이날 차트 진입과 동시에 1위에 올랐고, 영화 '하얼빈'이 2위, 3위는 JTBC 드라마 '옥씨부인전', 4위는 MBC 드라마 '지금 거신 전화는' 순이었다. 넷플릭스 콘텐츠 대상의 랭킹에서도 오징어게임2가 1위를 차지했고, 3년 3개월 전에 공개됐던 오징어게임 시즌1이 4위로 치고 역주행했다. 적어도 '화제성' 측면에서는 타 콘텐츠를 압도하는 상승세다. /사진=키노라이츠평가는 엇갈렸다. 키노라이츠는 이용자가 신호등 3색(초록색, 노란색, 빨간색) 중 초록색 평가 수의 비율만을 백분율로 계산하는 '신호등 평점 지수'를 표시하는데, 오징어게임2는 74.8%로 10위권 내 콘텐츠 중에서는 '열혈사제2(75.6%)'와 함께 가장 낮은 수준이었다.다만 평점이 높아야 상위권 콘텐츠가 될 수 있고, 노란색(평점 66% 이하) 또는 빨간색(33% 미만) 신호등은 피했다. 75%에 가까운 초록색 평점은 4명 중 3명은 비교적 호평하고 있다는 의미이기도 하다. 해외에서도 호평과 혹평이 공존한다. 뉴욕타임스는 '오징어 게임에 빨간불이 켜졌다'는 제목의 기사를 내고 ""넷플릭스 히트작의 두 번째 시즌은 더 스타일리시한 살육을 보여 주지만 이야기는 정체돼 있다""고 비판했다. 또 USA투데이는 ""여전히 폭력적이지만 충격적이기보다는 실망스럽다""고 평가했다. 할리우드리포터는 ""지난 시즌의 재미와 기발함이 사라져 전반적으로 실망스럽다""는 반응을 내놨다.BBC는 ""지옥같은 세계로의 반가운 귀환, 시청자들의 등골을 오싹하게 할 것""이라고 평가했다. 또 사우스차이나모닝포스트는 ""새로운 에피소드 설정은 이전보다 더 풍부하고 응집력 있으며, 이야기의 원천을 배반하지 않는다"". 또 버라이어티는 ""전작의 주제를 확장한 가치 있는 후속작""이라며 ""예리한 사회 비판으로 시즌3에 대한 기대감을 높인다""고 언급했다. 한편 오징어게임2와 함께 제작된 시리즈의 최종장 '시즌3'은 내년 공개될 예정이다."
https://n.news.naver.com/mnews/article/366/0001043212,"TSMC, 日구마모토 공장 ‘초고속’ 양산 시작… 착공 3년만",https://mimgnews.pstatic.net/image/origin/366/2024/12/27/1043212.jpg?type=nf220_150,조선비즈,"대만 TSMC의 일본 규슈 구마모토현 제1공장./연합뉴스         세계 파운드리(반도체 위탁생산) 1위 업체인 대만 TSMC가 일본 구마모토 공장에서 이달부터 반도체 양산을 시작했고 27일 니혼게이자이신문(닛케이)이 전했다.지난 2월 개소한 TSMC의 규슈 구마모토현 제1공장에서는 그동안 시험 생산 등이 진행 중이었다.TSMC는 “1공장이 모든 프로세스 인증을 완료하고 이달 계획대로 양산에 들어갔다”면서 “일본에서 안정된 첨단 반도체 생산 거점이 돼 글로벌한 반도체 생태계 시스템에 공헌하겠다”고 밝혔다.기무라 다카시 구마모토현 지사도 이날 기자회견에서 제1공장이 예정대로 이달 양산 단계에 들어갔다는 보고를 받았다고 말했다.TSMC 구마모토현 제1공장은 2021년 가을 공장 건설 결정에서 이달 양산까지 약 3년 만에 모든 과정이 빠르게 진행됐다. 2022년 4월 공장 건설에 착공해 올해 2월 개소식을 열었다.이 공장에서는 스마트폰과 자동차, 산업 기기 등 여러 제품에 탑재되는 12∼16나노(㎚·10억분의 1m)와 22∼28나노 반도체를 300㎜ 실리콘 웨이퍼 기준으로 월 5만5000장 생산할 수 있다."
https://n.news.naver.com/mnews/article/031/0000897004,"단통법 폐지로 스마트폰 가격 인하?...""10년 전과 상황 달라""",https://mimgnews.pstatic.net/image/origin/031/2024/12/27/897004.jpg?type=nf220_150,아이뉴스24,"이통사들 '탈통신' 집중하며 보조금 경쟁 펼칠 여력 없어삼성LG·팬택 경쟁하면서 판매 장려금도 늘었지만 지금은 삼성·애플 독과점이동통신단말장치 유통구조 개선에 관한 법률(단통법)이 도입 10년 만에 폐지됐다. 이에 따라 내년 6월부터 단말기 보조금 경쟁 활성화를 위해 지원금 공시와 추가지원금 상한제도 폐지된다. 하지만 10년 전과 업계 상황이 달라지면서 기대 효과가 크지 않을 것이라는 관측이 나오고 있다.서울 강남구 통신사 대리점 모습. [사진=아이뉴스 DB]◇신규 가입자에 목매던 이통사...이제는 '탈통신'에 무게2013년 당시 이통3사는 LTE 요금제에 가입 유치를 위해 치열한 보조금 경쟁에 뛰어들었다. 정부는 통신시장의 과열을 진정시키기 위해 하루가 멀다 하고 통신사들에게 과징금 조치를 내렸으며, 결과적으로 한 해 1000만건이 넘는 번호이동이 일어났다.이통사들이 보조금 경쟁에 뛰어든 목적은 가입자당평균수익(ARPU) 상승을 꾀함이었다. 3G에 비해 가입자당평균수익(ARPU)가 높았던 LTE 요금제에 가입시키기 위해 적극적인 보조금 정책을 실행한 것이다. 이통사 입장에선 번호이동 경쟁을 통해 결과적으로 고객의 변동이 없더라도 ARPU가 높아지는 효과를 얻기 때문에 남는 장사였다.그러나 이제는 보조금 경쟁이 달갑지 않을 수 있다는 것이 업계의 대체적인 분위기다. 통신업계 관계자는 ""5G 시장은 이미 성숙기를 지났고 정부의 통신비 인하 압박으로 5G 요금제의 ARPU 하락이 우려되는 상황""이라며 ""이런 상황에서 과거처럼 보조금 전쟁을 치를 여력이 많지 않다""고 설명했다.10년 전과 비교해 이통사들이 '탈통신'을 성장의 기조로 삼은 것도 차이점이다. SK텔레콤은 2023년 'AI 컴퍼니'를 선언하면서 AI 사업 매출 규모를 2028년 전체 매출의 36%로 끌어올린다는 목표를 정했다. KT도 AI 사업을 내세워 2025년까지 비통신 매출을 50%까지 높인다는 계획이다. LG유플러스 역시 플랫폼 사업을 통해 2027년까지 40%까지 비통신 매출 비중을 높이겠다고 벼르고 있다.이 관계자는 ""돈을 써서 가입자를 불리는 사업 구조에서 탈피해가고 있다""며 ""단통법이 폐지되더라도 과거와 같은 보조금 전쟁은 벌어지지 않을 것""이라고 전망했다.◇ LG, 팬택 사업 철수하면서 제조사 '장려금' 명분 약해단통법 입법 전 파격적인 보조금이 가능했던 이유는 통신사 보조금 경쟁과 함께 삼성전자, LG전자, 팬택 등 국내 제조사들의 판매 장려금 경쟁도 한몫했다. 당시 보조금은 제조사 판매 장려금과 통신사 보조금으로 구성됐고, 전체 보조금에서 제조사 장려금의 규모는 중요한 요소였다.2013년 과학기술정보통신부(당시 미래창조과학기술부)는 ""제조사 장려금 때문에 단말기 가격이 널뛴다""며 제조사를 겨냥하기도 했다. 실제 2014년 초에는 제조사 장려금 경쟁 때문에 당시 최신 스마트폰이었던 갤럭시S4-LTE 보조금이 99만원까지 치솟기도 했다. LG와 팬택의 추격을 삼성전자가 삼성 단말기 판매가 적은 LGU+를 제외하고 SK텔레콤과 KT의 추가적인 보조금을 지급했기 때문이다.하지만 지금은 국내 스마트폰 시장이 삼성과 애플 독과점 체제로 바뀌면서 제조사 장려금은 비중이 크게 줄었다. 2017년 팬택, 2021년 LG전자가 스마트폰 사업을 접은 데다, 강력한 라이벌인 애플은 판매 장려금을 지급하지 않고 있어 삼성 입장에서도 판매 장려금을 늘릴 명분이 사라졌다. 또 다른 통신업계 관계자는 ""과거와 다르게 지금 삼성이나 애플이 스마트폰에 큰 비용을 쓸 요인이 없다""고 분석했다."
https://n.news.naver.com/mnews/article/018/0005914528,"통신사, 5G-LTE 통합요금제 준비 잰걸음…美처럼 망구분 없어지나",https://mimgnews.pstatic.net/image/origin/018/2024/12/27/5914528.jpg?type=nf220_150,이데일리,"과기부 ""내년 상반기 출시 목표로 상품 설계 논의 중""모든 요금제서 LTE·5G 함께 쓰는 해외 모델 참고할 듯통신3사, 내년 2월 내 더 비싼 LTE 요금제 가입 중단[이데일리 임유경 기자] 이동통신 3사가 내년 상반기를 출시를 목표로 ‘5G-LTE 통합 요금제’ 설계에 돌입했다. 통합요금제가 도입되면 미국처럼 망 구분 없이 모든 요금제에서 5G와 LTE 네트워크를 함께 이용 가능한 형태로 통신 요금체계가 바뀔 것으로 전망된다. 정부는 통신 소비자의 혜택을 확대하는 방향으로 두 개의 요금 체제를 하나로 합친다는 대전제 아래, 통신 3사와 구체적인 요금체계를 만들어가겠다는 방침이다.(사진=연합뉴스)27일 정부와 통신업계에 따르면 KT(030200)는 내년 1분기까지, SK텔레콤(017670)과 LG유플러스(032640)는 내년 상반기까지 통합요금제를 출시할 계획이다.통합요금제의 구체적인 설계는 아직 확정되지 않은 상태로, 여러 방안을 놓고 정부와 통신 3사가 논의를 진행 중인 것으로 알려졌다. 과기정통부 관계자는 “통신 소비자의 혜택을 확대하는 방향으로 두 개의 요금 체제를 하나로 합친다는 것이 큰 그림”이라면서 “요금제의 구체적인 모습을 만들려면 정교하게 살펴봐야 하는 사항이 매우 많다. 일단 내년 상반기 출시를 목표로 작업에 돌입했고 이제 추진하는 단계”라고 상황을 전했다.업계에선 통합요금제가 도입되면 미국 등 해외처럼 망 구분 없이 요금제 구간별로 데이터 용량과 속도 등이 차이가 나는 방식으로 요금체계가 변경될 것이란 전망이 우세하다. 미국의 주요 통신사들은 현재 5G와 LTE를 구분하지 않는 통합요금제를 운영하고 있다. 예컨대 AT&T는 속도제한 없이 제공되는 데이터 용량에 따라 월 35달러, 40달러, 50달러의 데이터 무제한 요금제를 제공하고 있다. 5G나 LTE 등 망에 다른 구분은 하지 않으며, 지역에 따라 LTE든 5G든 더 잘 잡히는 망을 연결해 제공하는 식이다. 미국 통신사뿐 아니라 영국 O2와 EE, 호주 텔스트라와 옵터스, 일본 KDDI 등 주요 해외 통신사도 유사한 통합요금제를 서비스 중이다.“5G만 너무 내렸나”…LTE 역전현상에 통합요금제 도입전국망을 촘촘하게 구축해온 우리나라는 3G-LTE-5G 등 차세대 네트워크가 등장하면 점차 이용자가 이동해 가는 방식으로 통신시장이 작동해왔기 때문에, 통합요금제의 필요성이 크지 않았다.그러다 통합요금제 출시 준비가 본격화된 건 LTE 요금제가 일부 구간에서 5G보다 비싼 ‘역전현상’을 개선이 필요하다는 지적이 나오면서다. 최근 2년 새 정부가 가계통신비 부담 완화를 위해 5G 요금제를 집중적으로 개편하면서 일부 구간에선 오히려 LTE 요금이 더 비싼 상황이 발생했다.지난달 국정감사에선 LTE 속도는 5G 대비 5분의 1 수준인데도 일부 요금제 구간에서 LTE 요금제가 5G 요금제보다 제공하는 데이터는 더 적어, 바가지 요금 피해가 우려된다는 지적이 제기됐다. 예컨대 SKT는 데이터 6기가를 LTE 요금제에선 4만9000원에 제공하면서, 5G 요금제에선 3만9000원에 제공한다. LTE 단말기도 5G 요금제를 사용할 수 있지만, 요금체계를 잘 모르는 소비자들의 피해가 발생할 수 있는 상황이다. 이에 유상임 과기정통부 장관도 지난달 통신 3사 최고경영자(CEO)와 개최한 간담회에서 5G보다 LTE 요금제가 더 비싼 역전현상 문제를 해소해달라고요청했다.통신 3사는 일단 5G보다 비싼 LTE 요금제에 대한 신규 가입을 중단하는 것을 시작으로 5G-LTE 통합요금 체계 전환에 돌입했다. KT는 내년 1월2일부터 LTE 요금제 46종의 신규 가입을 중단한다. SKT는 내년 2월1일부터 LTE 요금제 36종의 신규 가입을 받지 않는다. LG유플러스도 곧 공지를 내고, 내년 2월부터 신규 가입이 중단되는 LTE 요금제를 안내할 예정이다.일각에선 LTE 요금제를 낮추지 않고 가입을 중단하는 것은 사용자들을 강제로 5G로 이동시켜 선택권을 축소하는 것 아니냐는 지적도 나온다. 이에 과기정통부 관계자는 “ LTE를 5G로 이동시키기 위해서 신규가입을 중단한다는 것은 오해”라면서 “궁극적으로 소비자에게 편익을 주기 위해서 통합요금제를 추진하는 것이고 LTE 이용자들의 손해가 없도록 하기 위해 상품 설계를 굉장히 정교하게 하려고 고심 중이다”고 설명했다."
https://n.news.naver.com/mnews/article/003/0012985035,"'송출수수료 갈등' CJ온스타일-케이블TV3사에 ""1개월 내 협상"" 시정명령",https://mimgnews.pstatic.net/image/origin/003/2024/12/27/12985035.jpg?type=nf220_150,뉴시스,"과기정통부 ""사업자 선에서 협상 마무리 할 수 있도록 할 것""CJ온스타일·케이블TV 3사 ""정부 입장 존중…성실히 임할 것""[서울=뉴시스]홈쇼핑 CJ온스타일이 5일 자정부터 딜라이브·아름방송·CCS충북방송 등 일부 케이블TV에서 방송 송출을 중단했으나 과기정통부로부터 시정명령 예고를 받고 26일 정오부터 방송을 재개했다. (사진=뉴시스DB)[서울=뉴시스]심지혜 기자 = 과학기술정보통신부는 최근 송출 수수료 갈등으로 블랙아웃(채널 송출 중단) 사태를 야기한 'CJ온스타일'과 케이블TV 3사 '딜라이브·CCS충북방송·아름방송'에 27일 시정명령 처분을 내렸다.내년 1월 26일까지 송출 수수료 협상을 마무리 한 후 그 결과를 열흘 이내에 제출하라는 내용이 골자다.이번 시정명령이 내려진 배경은 CJ온스타일과 케이블TV 3사가 홈쇼핑 방송채널 사용계약 가이드라인에 따라 성실하게 협상해야 하는데 이를 준수하지 않았고, 특히 송출 중단은 양측이 명확하게 합의한 경우에 가능하다고 했는데 이를 지키지 않았다고 본 것이다.과기정통부는 CJ온스타일에 가이드라인의 고려요소에 근거해 사회적 통념상 합리적인 송출대가를 제시하라고도 했다. 이에 대해 CJ온스타일은 입장을 내고 ""가이드라인에 기반해 성실히 협상을 했으나 과기정통부의 판단 존중한다""며 ""1개월 이내에 결과를 제출하기 위해 협의체에 성실히 임할 것""이라고 밝혔다. 과기정통부는 케이블TV 3사에게 시정권고도 추가했다. 이번 협상에서 부족했던 부분을 성실하게 이행하라는 취지다. 딜라이브에게는 CJ온스타일이 요구한 가입자 수 산정 및 검증과 관련해 성실하게 임할 것을 제시했다. CCS충북방송과 아름방송에게는 공통적으로 향후 협상시 계약 종료 2개월 전까지 계약절차, 방법, 대가산정 기준 등을 마련하고 이를 홈쇼핑 사업자와 협의하라고 했다. 이와 함께 CCS충북방송에게 추가로 서면으로 요청을 받은 경우 요청 받은 날로부터 2주 이내에 협의를 개시하거나 특별한 사유가 있는 경우 그 사유 및 협의 가능시기를 서면으로 통지하라고 했다.케이블TV 3사는 이번 처분에 대해 ""정부의 입장을 존중하며 대가검증협의체에 성실히 참여하겠다""며 ""CJ온스타일과도 가이드라인을 준수하며 합리적인 송출수수료 협상이 이뤄질 수 있도록 노력하겠다""고 입장을 밝혔다.CJ온스타일과 케이블TV 3사는 올해 송출 수수료 수준을 놓고 갈등을 빚어왔다. CJ온스타일은 3사의 가입자 및 시청자 수가 불투명하다는 등의 이유로 송출 수수료를 60% 이상 인하 요구한 것으로 전해진다. 이에 대해 3사는 가입자 감소 상황을 고려하더라도 인하율이 과도하다고 맞섰다. CJ온스타일은 요구안이 받아들여지지 않자 이달 5일부터 송출을 중단했다. 이에 과기정통부가 시정명령을 예고했고 지난 26일 정오에 송출을 재개했다. 과기정통부는 이번 시정명령을 통해 양 측의 갈등을 빠르게 수습한다는 계획이다. 과기정통부 관계자는 ""각 사의 위반 사항을 빠르게 수습하기 위해 시정 명령을 내린 것""이라며 ""사업자 선에서 협상을 마무리 하도록 제시했다""고 설명했다. 이어 ""대가검증협의체는 최장 90일 동안 운영될 수 있는데, 이렇게 되면 수습이 늦어질 수 있기 때문""이라고 덧붙였다. 대가검증협의체 운영 기간은 기본 60일이며 결론이 나지 않을 경우 30일을 추가할 수 있다. 이번의 경우 이달 2일부터 시작했다.한편, 이번 과기정통부 처분은 현재 케이블TV가 제기한 CJ온스타일의 송출 중단 금지 가처분 신청에도 영향을 줄 것으로 보인다. 케이블TV 3사는 이번 시정명령을 통해 가처분 신청 취소 여부를 검토한다는 방침이다."
https://n.news.naver.com/mnews/article/011/0004433002,"""유튜브로 9억 벌어 남편 빚 다 갚았다""…""매달 10억 버는 유튜버도 등장""",https://mimgnews.pstatic.net/image/origin/011/2024/12/27/4433002.jpg?type=nf220_150,서울경제,"디지털크리에이터 매출 5.3조, 전년대비 29% 증가먹방 크리에이터 '쯔양'···월수입 10억 이상 알려져종사자 수는 4.2만명, 전년 대비 20% 늘어패션·뷰티 등 라이프스타일 비중 높아1000만 구독자를 보유한 쯔양(왼쪽)과 쏘영. 개인 유튜브 채널 캡처.[서울경제] 디지털크리에이터 산업이 고수익 신화를 쓰며 새로운 수익 창출의 블루오션으로 부상하고 있다.과학기술정보통신부가 26일 발표한 자료에 따르면 지난해 국내 디지털크리에이터 미디어 산업 매출이 5조원을 돌파했다.""유튜브로 남편 빚 9억 원을 갚았다"" 한 인기 크리에이터의 이 같은 발언이 화제가 된 가운데 상위 크리에이터들의 수입이 수십억원대에 이르는 것으로 나타났다. 1000만 구독자를 보유한 먹방 크리에이터 쯔양의 월 수입은 10억원을 상회하는 것으로 알려졌다.과기정통부와 한국전파진흥협회가 실시한 '2023년 국내 디지털크리에이터 미디어 산업 현황' 조사 결과, 지난해 산업 전체 매출액은 5조3159억원을 기록했다. 이는 전년(4조1254억원) 대비 28.9% 증가한 수치다.분야별로는 영상 제작 및 제작 지원이 2조737억원(전년비 30.5%↑)으로 가장 높았고, 광고·마케팅이 1조7663억원(12.6%↑)으로 뒤를 이었다. 주목할 만한 점은 온라인 비디오 공유 플랫폼 분야의 성장세다. 매출액 7229억원으로 전년 대비 135.3%라는 폭발적인 성장률을 기록했다.업계 관계자는 ""전통 미디어와 달리 소수 인원으로도 콘텐츠 제작이 가능한 환경이 조성되면서 진입 장벽이 낮아졌다""며 ""이는 5인 미만 사업체가 전체의 83.5%를 차지하는 원인""이라고 분석했다.조사 결과 종사자 수는 4만2378명으로 전년 대비 19.8% 증가했으며, 30대 이하 청년이 58.7%(2만4000명)를 차지했다. 특히 자체 콘텐츠를 제작하는 사업체가 전체의 74%(1만개)에 달했으며, 연평균 58.1편의 콘텐츠를 제작하는 것으로 나타났다.콘텐츠 장르별로는 패션·뷰티 등 라이프스타일(36.5%)이 가장 높은 비중을 차지했으며, 교육·강의 등 정보전달(26.6%), 여행 등 취미(22.7%) 순이었다.유통 플랫폼은 유튜브가 68.1%로 압도적 1위를 차지했고, 인스타그램(10.8%), 네이버TV(7.3%)가 뒤를 이었다.전문가들은 ""디지털크리에이터 산업이 새로운 직업군으로 자리매김하며 청년들의 주목을 받고 있다""면서도 ""상위 크리에이터와 일반 크리에이터 간 수익 격차가 크다는 점은 해결해야 할 과제""라고 지적했다."
https://n.news.naver.com/mnews/article/584/0000030212,"[동물do감] 플랑크톤 주식 삼던 청어, 동족도 잡아 먹는다",https://mimgnews.pstatic.net/image/origin/584/2024/12/27/30212.jpg?type=nf220_150,동아사이언스,"봄과 가을에 산란하는 청어와 다른 물고기를 잡아먹는 청어의 크기를 비교한 사진. Leif Andersson 제공   플랑크톤을 주식으로 삼는 청어가 먹이 경쟁에서 어려움에 처하자 다른 물고기를 잡아먹는 형태로 유전적 진화를 한 것으로 나타났다.    라이프 안데르송 스웨덴 웁살라대 교수 연구팀은 발트해에서 서식하는 청어 중 기존 청어와 유전적으로 구별되면서 다른 물고기를 잡아먹는 청어의 진화를 발견하고 연구 결과를 국제학술지 '네이처 커뮤니케이션스'에 23일(현지시간) 발표했다.   발트해에 사는 청어는 플랑크톤을 주식으로 삼으며 생태계에서 중요한 연결고리다. 바다 조류와 포식성 어류, 해양 포유류와 인간을 비롯한 생물들의 먹이 사슬 구성에 한 축을 담당하고 있다.   연구팀은 발트해에서 유난히 덩치가 큰 청어가 발견됐다는 소식을 접하고 연구에 착수했다. 일반적으로 발트해 청어는 다른 대서양이나 다른 바다에 서식하는 청어보다 훨씬 작고 지방이 적다. 발견된 청어는 다른 일반적인 청어들보다 두 배 가까이 몸집이 길었다.   연구팀은 발견된 청어의 형태, 성장 패턴, 지방 함량 등을 조사했다. 환경 오염 물질에 노출돼 청어의 크기에 변화가 생겼을 가능성도 확인했다.    유전체 분석 결과 이 청어는 발트해에서 발견된 다른 크기가 큰 청어와 유전적으로 차이점이 존재한다는 사실이 밝혀졌다. 위 내용물을 비롯한 식습관을 조사한 결과 작은 물고기를 섭취하는 것이 확인됐다.   외형적으로 구별되는 특성도 나타났다. 이 청어는 아가미를 지탱하는 일종의 버팀목이 손상돼 있었다. 청어의 아가미는 플랑크톤을 걸러내는 역할을 하지만 다른 물고기를 잡아먹는 이 청어는 아가미가 독특한 방식으로 변화했다는 것이 연구팀의 분석이다.   연구팀은 다른 물고기를 잡아먹는 청어가 등장한 것은 발트해의 생물종 서식 환경이 변화했기 때문이라고 추정했다. 발트해는 마지막 빙하기가 끝난 후 약 8000년 동안 존재하고 있는 젊은 수역으로 대서양과 비교했을 때 염분 수치가 최대 17분의 1 수준으로 낮다. 이러한 해양 환경에선 제한된 어류만이 서식할 수 있다.   연구팀은 ""다른 물고기를 잡아먹는 발트해 청어가 고등어와 참치와 같은 다른 포식성 어류와 경쟁하는 과정에서 일어난 진화의 산물로 보인다""며 ""물고기를 먹는 청어는 발트해에서 다양한 식량 자원을 활용하고 있다""고 말했다.    <참고 자료> - 10.1038/s41467-024-55216-8"
https://n.news.naver.com/mnews/article/015/0005075355,업무도구 드림팀 'AI 오케스트레이션' 뜬다,https://mimgnews.pstatic.net/image/origin/015/2024/12/27/5075355.jpg?type=nf220_150,한국경제,"산업 리포트기업 '맞춤형 에이전트' 제작RPA에 원하는 LLM 접목시켜작업 고도화·생산성 향상 효과유아이패스 ""다양한 템플릿 제공""아마존·MS 빅테크도 선점나서업무 효율화 도구를 공급하던 빅테크들이 잇따라 업무별 AI 비서(에이전트)를 공급하거나 에이전트를 구성할 수 있는 솔루션을 내놓기 시작했다. 업무 전반에 걸쳐 AI 에이전트를 맞춤 제공하는 ‘AI 오케스트레이션’ 역량이 정보기술(IT) 기업의 성패를 가를 것이란 전망이 나온다. ○ 업무별로 AI 에이전트 만든다27일 IT 업계에 따르면 업무 자동화 기업인 미국 유아이패스는 맞춤형 AI 에이전트 제작 솔루션인 ‘에이전트 빌더’의 공개 평가를 이달 시작했다. 일부 해외 고객사가 이 솔루션을 쓰면서 효용을 확인하는 단계다. 에이전트 빌더를 쓰면 전자송장, 재고 관리, 고객 대응 등 업무별로 쓸 수 있는 AI 에이전트를 기업이 스스로 만들 수 있다. 개발 전공자가 아니더라도 이 솔루션을 활용해 업무를 자동화하는 게 가능한 수준이다.에이전트 빌더는 반복 업무를 자동화하는 소프트웨어 로봇인 로봇 프로세스 자동화(RPA) 기술과 생성 AI 에이전트를 함께 지원한다. 업무별로 필요한 RPA나 챗GPT, 퍼플렉시티, 클로드 등 여러 대규모언어모델(LLM)을 이용자 취향에 맞게 골라 쓰는 방식이다. 과거엔 RPA와 AI 에이전트를 따로 써야 했다. 두 과정을 통합하는 절차가 없다 보니 기업은 생성 AI를 업무에 도입하더라도 이에 따른 생산성 향상 효과를 체감하기가 어려웠다.유아이패스는 내년이면 국내 대기업 2~3곳에서 에이전트 빌더의 적용 효과를 확인할 수 있을 것으로 예상하고 있다. 조의웅 유아이패스코리아 지사장은 “클라우드 기반으로 에이전트 빌더를 우선 공급할 것”이라며 “업무별로 쓸 수 있는 에이전트 템플릿도 다양하게 선보여 기업들의 선택지를 넓히겠다”고 말했다. ○ AWS·MS도 AI 오케스트레이션 경쟁유아이패스가 에이전트 생성 솔루션을 내놓은 데엔 AI 오케스트레이션 시장의 주도권을 놓치지 않겠다는 의도가 깔려있다. 업무 전반에 쓰이는 AI를 통합 관리해 수익을 내겠다는 전략이다.유아이패스가 그간 집중한 사업은 RPA였다. RPA는 반복 업무를 정확히 수행하는 데 특화돼 있다. 변수가 많거나 판단이 필요한 작업에는 적용이 어렵다. 반면 생성 AI는 나름의 판단이 가능하지만 정확도가 떨어진다. 유아이패스는 생성 AI가 사람처럼 RPA를 쓰도록 해 복잡한 업무로 자동화 범위를 넓히면서 정확도도 끌어올렸다. 사람은 AI가 하기 어려운 의사결정을 내리고 결과물을 검토하기만 하면 된다.다른 빅테크들도 AI 오케스트레이션 시장을 선점하기 위한 솔루션을 내놓고 있다. 아마존웹서비스(AWS)는 AI 솔루션 플랫폼인 ‘아마존 베드록’에 멀티 에이전트 관리 기능을 도입한다고 지난 5일 발표했다. 이 기능의 핵심은 여러 에이전트를 통합 관리하는 ‘슈퍼바이저 에이전트’다. AWS는 에이전트를 관리하는 상위 에이전트를 마련해 업무마다 따로 쓰이는 에이전트들을 이용자가 오케스트라처럼 한눈에 조율할 수 있도록 했다.세일즈포스도 업무 맞춤형 에이전트 생성 플랫폼인 ‘에이전트포스 2.0’을 17일 공개했다. 이 플랫폼은 영업, 고객관리, 마케팅 등 업무별로 쓸 수 있는 AI 에이전트를 만드는 기능을 제공한다. 마이크로소프트도 기업용 서비스인 ‘다이내믹365’에서 업무별로 쓸 수 있는 AI 에이전트 10종을 지난 10월 공개했다."
https://n.news.naver.com/mnews/article/018/0005914460,'비트코인골드'서 기회보는 코인원…상폐로 떠밀린 이용자 끌어안는다,https://mimgnews.pstatic.net/image/origin/018/2024/12/27/5914460.jpg?type=nf220_150,이데일리,"비트코인골드 거래 80% 가진 업비트, 상폐 결정코인원, 입금 이벤트로 투자자 모으기 나서23일 신규 지갑 발표한 비트코인골드[이데일리 김가은 기자] 전체 거래량 중 90% 이상이 국내에서 발생하는 가상자산 비트코인골드(BTG)를 두고 국내 거래소들마다 상이한 대응법을 보이고 있다. 1위 사업자인 업비트가 상장 폐지를 결정한 가운데, 코인원은 입금 이벤트를 펼치며 투자자 ‘끌어안기’ 나섰다. 비트코인골드가 상장돼 있는 빗썸은 아직 별다른 입장을 내놓지 않은 상황이다.상폐 결정한 업비트, 입금 이벤트 펼친 코인원27일 가상자산 업계에 따르면 업비트는 지난 24일 공지사항을 통해 거래 유의종목으로 지정됐던 비트코인골드에 대한 거래지원을 종료한다고 밝혔다. 업비트의 이번 결정은 지난 7월 디지털자산거래소 공동협의체(DAXA·닥사)에서 정한 자율규제인 거래지원 모범사례에 의한 것이 아닌 자체 결정이다. 거래 지원 모범사례는 5대 원화거래소와 15개 코인마켓 거래소에 모두 적용되는 사항으로 거래지원 종료 또한 공동 대응이 이뤄진다. 다만 강제 사항이 아닌 만큼, 각 거래소 별로 다르게 판단할 수 있다.(사진=코인원)상폐를 결정한 업비트 외에 국내에서 비트코인골드 거래를 지원하는 원화거래소는 빗썸과 코인원이다. 빗썸은 별다른 공지를 하지 않은 가운데, 코인원은 ‘비트코인골드 입금 이벤트’를 24일부터 시작했다. 내년 2일까지 진행되는 이 이벤트는 기간 내 비트코인골드 4개 이상을 순입금하고, 이벤트 코드를 등록하면 최대 111만원 상당의 비트코인을 지급하는 점이 골자다.업계에서는 비트코인골드 거래의 대부분이 업비트에 쏠려있어 상폐 이후 거래소를 옮기는 투자자들에게 편익을 제공해 끌어안기 위한 조치라고 판단 중이다. 가상자산 거래 시황 중계 사이트 코인마켓캡에 따르면 이날 비트코인골드 거래량은 업비트 84.05%, 빗썸 14.81%, 코인원 0.22% 순으로 나타났다.업계 관계자는 “거래 규모 중 가장 많은 비중을 차지하는 업비트가 상폐를 결정한 만큼 적극적인 이벤트를 통한 효과가 있다고 판단한 것 같다”며 “어차피 거래소를 바꿔야 하는 투자자들에게 편익을 제공함과 동시에 이점을 얻기 위한 전략으로 보인다”고 평가했다.상폐 결정되자 신규 지갑 출시 발표업비트는 거래지원 종료를 결정한 이유로 비트코인골드의 운영 투명성과 사업 지속가능성 측면에서 미흡한 점이 개선되지 않았다고 밝혔다. 지난 10일 비트코인골드를 거래유의종목으로 지정하고 추가적으로 검토한 결과 문제점이 해소되지 않았다고 판단했다는 것이다.비트코인골드 공식 텔레그램 채널에서 한 외국인 투자자가 업비트에 상폐 취소 요청을 할 계획이 없는지 묻고 있다(사진=텔레그램 갈무리)비트코인골드는 그간 투자자들 사이에서 정상적으로 운영되지 않는다는 지적을 받아왔다. 블록체인 네트워크 등에 대한 별다른 업데이트가 없는 것은 물론, 커뮤니티 또한 운영되고 있지 않다는 이유다. 실제로 비트코인골드 공식 홈페이지에 접속해 살펴본 결과 대부분의 소셜네트워크(SNS) 플랫폼이 방치돼 있었다. 미디엄은 사라졌고, 유튜브는 6년 전 영상을 끝으로 방치돼 있었다.활동이 이어지고 있는 SNS 커뮤니티도 있었다. 투자자들이 모인 텔레그램 채널과 공식 엑스(구 트위터), 글로벌 최대 소프트웨어 개발 플랫폼 깃허브였다. 텔레그램 채널에서는 업비트의 상폐 결정에 대해 불안감을 호소하는 외국인 투자자들이 다수였다. 한 투자자는 “업비트에서 비트코인 골드가 사라지는 것이 맞냐”며 “업비트에 상폐를 취소할 것을 제기할 계획이 있나”라고 묻기도 했다.지난 23일 소프트웨어 개발 플랫폼 ‘깃허브’ 올라온 비트코인골드 코어 지갑 베타버전(사진=깃허브 갈무리)의외의 소식이 전해진 곳은 트위터였다. 지난 23일 올린 게시글을 통해 깃허브 링크를 걸고 비트코인골드 코어 지갑(월렛) 베타 버전을 출시한다고 밝힌 것이다. 이에 대해 국내 한 투자자는 “평소에 아무 일도 하지 않다가 업비트에서 상폐 당한다고 하니 악을 쓴다”고 비판했다. 한편, 비트코인골드는 내년 1월23일을 기점으로 업비트 원화마켓과 인도네시아 루피아(IDR) 마켓에서 사라진다. 종료 시점 이전에 요청된 매수와 매도 주문은 일괄 취소될 예정이다."
https://n.news.naver.com/mnews/article/138/0002188605,"[DD퇴근길] ""날카로움이 떨어지네""…외신이 본 '오징어게임2'는?",https://mimgnews.pstatic.net/image/origin/138/2024/12/27/2188605.jpg?type=nf220_150,디지털데일리,"디지털데일리가 퇴근 즈음해서 읽을 수 있는 [DD퇴근길] 코너를 마련했습니다. 하루동안 발생한 주요 이슈들을 퇴근길에서 가벼운 마음으로 읽을 수 있도록 요약했습니다. 전체 기사는 ‘디지털데일리 기사 하단의 관련뉴스(아웃링크)’에서 확인할 수 있습니다.[Ⓒ 액센츄어][단독] 액센츄어, 한국시장 재진출…초대형 ‘오프쇼어 아웃소싱’ 기업 온다[권하영기자] 글로벌 1위 IT서비스 기업 액센츄어가 한국 시장에 재도전합니다. 지난 2016년 한국에서 철수한 이후 약 8년 만인데요. 27일 관련업계에 따르면 액센츄어는 최근 한국 사업을 재개하기 위한 준비 작업에 착수했습니다. 경기도 평택시에 오피스를 내고 프로젝트 담당자부터 계약 등 기업법무 담당자, 기술 엔지니어 등을 채용하고 있습니다.아일랜드에 본사를 둔 액센츄어는 컨설팅부터 시스템통합(SI)과 아웃소싱을 지원하는 글로벌 1위 IT서비스 기업입니다. 지난해 매출만 641억달러(약 84조원)에, 시가총액은 335조원에 달하죠. 한국에는 1986년 액센츄어코리아 설립을 기점으로 국내 1세대 컨설팅 기업으로서 영향력을 행사했으며, 2000년대 들어서는 국내 SI 시장까지 공략하며 IT서비스 전반을 제공했습니다. 그러나 대기업 계열 SI 위주로 시장 틀이 짜여 있는 한국 시장 특수성 등으로 고전하며 결국 2016년 국내 기업인 메타넷에 한국법인을 매각하고 철수한 바 있습니다.액센츄어는 현재 글로벌 시장에서 컨설팅부터 MSP까지 다양한 사업을 영위하고 있지만, 한국에서는 우선 SI·아웃소싱 사업 위주로 전개할 것으로 알려졌습니다. 실제 액센츄어는 과거 액센츄어코리아의 SI·아웃소싱 부문이던 ‘ATS(Accenture Technology Solutions)’ 조직을 재구성해 시스템 운영관리 인력을 모집하는 중입니다. 액센츄어는 인건비가 저렴한 해외 인력 기반의 ‘오프쇼어 아웃소싱(개발업무 국외위탁)’이 강점인 회사인 만큼, 한국 시장 재진출시 국내 IT업계에 적잖은 영향을 미칠 것으로 전망됩니다.뉴스레터 서비스 '스티비'가 공식 홈페이지를 통해 개인정보 유출 소식을 안내하고 있다. [ⓒ 스티비 홈페이지 캡처]예상보다 피해 크다…스티비 해킹 후폭풍 '일파만파'[김보민기자] 뉴스레터 서비스 '스티비'에서 개인정보 유출 사고가 발생한 가운데, 피해를 입은 사용자들 사이 불만이 이어지고 있습니다. 해킹 공격으로 금융정보가 노출된 데다 메일 서비스까지 먹통이 되면서 미흡한 대응을 지적하는 목소리가 커지고 있는 것인데요.스티비 개인정보 유출 사고로 피해를 입은 기업들은 연서명을 진행했습니다. 연서명에는 ""주식회사 스티비에서 금융정보, 민감정보 유출 사건을 일으켰다""며 ""1000명을 목표로 진행하며, 목표에 도달하면 국회 및 정부에 전달해 공론화를 이어갈 계획""이라는 내용이 담겼습니다. 이번 사태와 관련해 한국인터넷진흥원(KISA) 측에 피해 신고도 접수한 것으로 확인됐습니다.제보에 따르면 26일 오전에는 스티비 메일 시스템이 오류로 장애를 겪기도 했습니다. 당시 스티비 측은 이메일 발송을 단계적으로 정상화하고 있고, 발송 중인 이메일을 복사해 보내는 경우 중복 발송될 수 있으니 기다려 달라는 안내문을 전달했습니다. 때문에 이번 사태를 수습하기 위해서는 철저한 조사와 스티비 측 대응이 주효할 것이라는 이야기가 나오는데요. 스티비 서비스를 이용한 산업 및 분야는 IT·통신부터 게임, 과학·기술, 금융·부동산, 미디어, 법률, 여행·관광, 정부·공공기관 등 다양해 피해 규모 또한 작지 않을 것으로 예상됩니다.선익시스템 부스. [ⓒ 디지털데일리]'R&D 증착기' 연이은 수주 승전 '선익시스템'...양산형 성과에 '쏠린 눈'[배태용기자] OLED 디스플레이 시장이 본격적으로 개화를 앞두고 있는 가운데 국내 디스플레이 장비 기업 선익시스템이 공정의 핵심 장비인 증착기 분야에서 잇단 R&D 수주로 업계 주목을 받고 있습니다. 양산형 증착기 성과 가능성에도 관심이 쏠립니다.27일 디스플레이 업계에 따르면, 올해 선익시스템은 다수의 R&D용 OLED 증착기 수주에 성공, 시장에서 기술력을 테스트 받고 있습니다. OLED 디스플레이 라인의 핵심 공정 장비로 꼽히는 증착기를 생산할 수 있는 기업은 전 세계적으로 일본의 캐논토키와 선익시스템 두 곳에 불과합니다. 선익시스템은 후발주자임에도 불구하고 R&D 장비 수주에서 존재감을 강화하고 있습니다.지난 4월에는 삼성SDI 상해판매법인과 OLED 디스플레이 연구용 증착장비 계약을 체결했으며, 9월에는 듀폰과 55억원 규모의 계약을 맺었습니다. 이에 이어 10월에는 삼성디스플레이와 128억원 규모 계약을 체결했습니다. 이 계약은 선익시스템의 최근 매출액 대비 20.55%에 달하는 큰 규모입니다.또한, 12월에는 머크와 97억5000만원 규모의 계약을 추가, 최근 매출액 대비 15.62%에 달하는 실적을 기록했습니다. 이외에도 중국 장쑤시메이다테크놀로지트레이딩(Jiangsu Hantang International Trade Group)과 마이크로 OLED 디스플레이 양산용 증착기 계약을 체결하며, 단순 R&D를 넘어 양산형 장비 시장에서도 가능성을 엿보게 했습니다.주목되는 점은 선익시스템의 R&D 장비 수주가 증가하면서, 양산형 장비 수주로 연결할 가능성도 높게 점쳐진다는 겁니다. 현재 주요 디스플레이 제조사들은 OLED 라인 증설을 준비 중이며, R&D 단계를 거쳐 양산 설비를 도입하는 과정을 밟고 있습니다. 선익시스템이 R&D 장비를 통해 기술력을 검증받으면, 양산 장비 시장에서도 캐논토키와의 본격적인 경쟁 구도가 형성될 가능성이 있습니다.오징어게임 시즌2에 대한 외신들의 상반된 평가. <뉴욕타임즈(왼쪽)>의 경우, '빨간 불이 켜졌다'는 제목의 혹평을 쏟아냈고, <데드라인>은 시즌2 결말을 통해 다음 시즌을 유추할 수 있을 지에 대한 기대감을 드러냈다. [ⓒ 뉴욕타임스, 데드라인 홈페이지 갈무리][오징어게임2 이펙트] 외신 ""날카로움 부족""…'시즌3'로 쏠리는 시선들[채성오기자] 지난 26일 오후 5시(한국시간 기준) 전 세계에 동시 공개된 '오징어게임(Squid Game) 시즌2'에 대한 외신들의 반응이 엇갈렸습니다. 오징어게임 시즌2에 대해 ""전작보다 독창성이나 날카로움이 떨어진다""는 평가가 주를 이뤘지만, 현실 사회와 인간의 본성을 고찰한 스토리텔링을 높이 평가하는 언론도 존재했는데요.먼저 <워싱턴포스트>의 경우, '오징어게임의 새 시즌은 첫 시즌의 영광을 훼손한다'는 제목의 기사를 통해 ""오징어게임 시즌2는 멋진 장면 몇 개를 선보이지만 스토리 전개가 무기력하며 별다른 것이 없다""며 ""디스토피아(부정적인 암흑세계)적 풍자가 유지되지 않으며 특히 반전이 있을 때 더욱 그렇다""고 혹평했습니다. <뉴욕타임스(NYT)>는 '오징어게임, 빨간 불을 켜다'라는 제목의 기사에서 ""확장된 스토리라인을 진행하거나 원작의 스릴에 독창적인 변형을 주지 못했다""며 ""7시간 동안 이야기를 계속하지만 확장하기 위해 노력하지 않는다""고 평가했네요.이에 반해 엔터테인먼트 전문 매체들은 상대적으로 오징어게임 시즌2에 대한 기대감을 드러냈습니다. 미국의 엔터테인먼트 매체인 <버라이어티>는 ""탐욕, 잔인함, 돈을 숭배하는 문화에 대한 섬뜩한 고찰인 오징어게임 시즌2는 복잡한 글로벌 위기를 반영한 현실을 비춰준다""며 ""다양한 우선순위와 자기 인식 부족이 어떻게 사회적 분열을 일으켜 집단 사고와 야만성을 조장할 수 있는 지 보여주는 만큼 내년 시즌3가 공개되면 의심할 여지없이 충격적인 결말을 선사할 것""이라고 평가했습니다.'야당 독단' 알뜰폰 점유율제한법, 과방위 문턱도 넘었다[강소현기자] 27일 야당의 독단적 상임위 운영 속 이동통신 자회사의 알뜰폰 시장점유율을 제한하는 내용의 전기통신사업법 일부개정법률안(대안)이 국회 과방위 문턱도 넘었습니다. 앞서 국회에는 알뜰폰 시잠점유율 제한과 관련해 두 개 법안이 발의됐습니다. 이통 자회사의 알뜰폰 시장 독식을 막는다는 취지로, 야당에선 김현 의원(더불어민주당)이 여당에선 신성범 의원이 각각 대표발의했습니다. 두 법안의 가장 큰 차이는 규제 범위에서 금융권 등 대기업의 포함 여부입니다. 신성범 안은 이동통신사 알뜰폰 자회사에 대해서만 점유율을 50%로 규제하는 반면, 김현 의원 안은 KB리브엠과 같은 금융권 등 대기업을 포함해 60%로 규제한다는 내용을 담고 있습니다.이날 전체회의에선 두 법안을 두고 격론이 벌어졌습니다. 여당은 시장점유율을 인위적으로 제한하는 경우 경쟁이 오히려 경직될 수 있다고 주장한 반면, 야당은 단통법 폐지에 따라 중소사업자를 보호하기 위한 방안이 필요하다며 맞섰습니다. 이러한 여야 격론에도 불구, 과방위원장은 이날 토론을 강제 종료하고 투표를 강행했습니다. 현재 야당 의원이 다수를 차지하는 과방위는 의결정족수만 충족되면 야당 주도로 법안을 처리할 수 있는 구조입니다. 이에 다수 의석을 거느린 야당 앞에 여당의 목소리는 사실상 공염불에 가까웠다는 평가입니다. 한편 전기통신사업법 일부개정법률안(대안)은 큰 틀에선 금융권 등 대기업을 포함해 60%로 규제한다는 김현 안을 따르고, ‘이동통신사 계열회사와 독립계 대기업 알뜰폰 사업자 간’ 혹은 ‘전체 대기업 알뜰폰 사업자와 중소 알뜰폰 사업자 간’에 차등적으로 등록조건을 붙이거나 변경할 수 있다는 신성범 안의 내용을 추가하기로 했습니다."
https://n.news.naver.com/mnews/article/092/0002357931,"한덕수 총리 탄핵소추안, 192명 찬성 가결",https://mimgnews.pstatic.net/image/origin/092/2024/12/27/2357931.jpg?type=nf220_150,지디넷코리아,"尹 이어 헌법재판관 임명 거부한 권한대행 국무총리도 직무정지국회가 27일 한덕수 대통령 권한대행 국무총리에 대한 탄핵안을 가결했다. 초유의 계엄 선포에 이어 탄핵심판을 위한 헌법재판관 임명 거부까지 나오면서 대통령에 이어 대통령 권한대행 탄핵소추까지 이어지게 됐다.국회는 이날 오후 본회의를 열어 국무총리 한덕수 탄핵소추안을 표결에 부쳐, 탄핵안은 재석의원 192인에 찬성 192명으로 통과했다.박성준 더불어민주당 원내수석부대표는 한덕수 탄핵안 제안설명을 통해 “국민은 신속하게 내란 사태의 수습과 종결을 요구하고 있다. 국회는 민의를 받들어 대통령을 탄핵했고 헌정질서대로 국정 혼란을 수습하기 위해 국회 몫 헌법재판관 3인의 임명안을 처리하고 내란 특검법을 통과시켰다”며 “하지만 한덕수 국무총리는 어제 기자회견을 통해 헌법재판관 임명을 거부했다”고 말했다.이어, “한덕수 총리는 사전에 김용현 전 국방부 장관으로부터 비상계엄을 보고받고 내란수괴 윤석열을 위해 국무회의를 권한 없이 소집한 사실이 확인됐다. 내란에 동조한 공범을 넘어 내란 정권의 2인자”라며 “어제 한덕수 총리가 내란 사태 수습의 핵심적 해결책인 헌법재판관 임명을 거부하는 기자회견을 보며 모든 것이 명확해졌다”고 비판했다.그러면서 “국민의 명령은 분명하다. 내란 핵심 공범 한덕수 총리를 탄핵하고 이번 비상계엄 선포와 내란죄에서 자유로운 국무위원이 과도적 국정을 이끌어 내란 사태를 안정적으로 종결하라는 것”이라며 “오늘 국회는 민주공화국의 국민주권주의, 민주주의와 법치주의의 원칙을 한덕수 국무총리 탄핵소추로서 확인하고자 한다”고 강조했다.탄핵안 제안설명 이후 우원식 국회의장은 한덕수 탄핵 가결 정족수를 151표 이상이라 밝히면서 국민의힘 의원들은 항의 구호를 외쳤고, 야당 의원들은 투표에 참여했다.우원식 의장은 “국무총리 한덕수에 대한 탄핵소추안이다”며 “그러므로 헌법 제65조 2항에 따라 재적의원 과반수의 찬성으로 의결한다는 점을 말씀드린다”고 밝혔다.이어, “이 안건에 대한 의결정족수에 대해 일부 이견이 있지만, 국회 탄핵소추 의결은 직의 파면을 요구하는 것이고 이 안건의 탄핵소추 대상자는 헌법에 따라 대통령의 권한을 대신하여 행사하는 국무총리”라고 설명했다.우 의장은 또 “헌법은 대통령에 대해서만 가중의결 정족수를 규정한다”며 “의장은 국회법 제 10조에 따라 국회 의사를 정리할 권한이 있으며 이 안건의 의사진행을 위해 헌법학계와 국회입법조사처의 의견을 종합 검토하여 의결 정족수를 판다했음을 말씀드린다”고 덧붙였다.우 의장의 이같이 밝히자 국민의힘 의원들은 의장석을 둘러싸고 “원천 무효”, “직권남용” 등의 구호를 외쳤다. 이들은 끝내 투표에 참여하지 않고, 본회의장 밖으로 나가 피켓시위를 벌였다."
https://n.news.naver.com/mnews/article/293/0000062090,"[최수연 3년 평가]③'수익성 고심' 네이버, MS·구글과 경쟁 전략은 '온서비스 AI'",https://mimgnews.pstatic.net/image/origin/293/2024/12/27/62090.jpg?type=nf220_150,블로터,"내년 3월 임기 만료로 재선임 갈림길에 선 최수연 네이버 대표의 경영 성과를 분석합니다.네이버가 지난달 11일 서울 강남구 코엑스에서 '팀네이버 컨퍼런스 DAN24'를 개최했다. 최수연 CEO가 질의응답 세션에서 질문에 답하고 있다. /사진 제공= 네이버 네이버가 인공지능(AI) 전략을 대규모언어모델(LLM) 규모 키우기에서 특화 서비스 개발·수익 창출로 선회했다. 최수연 대표는 지난달 열린 팀네이버 컨퍼런스 '단24' 기조연설에서 자체 생성형AI '하이퍼클로바X'의 규모에 관한 말을 꺼내지 않았다. 대신 검색·광고·콘텐츠·커머스·지도 등 서비스에 AI를 적용해 활용도를 높이는 '온 서비스 AI'(On-Service AI) 전략을 소개했다. 2022년부터 매년 하이퍼클로바X의 데이터 학습량을 강조한 것과 다른 모습이다.이와 관련 생성형AI의 낮은 수익성 때문에 서비스 특화 AI로 전략을 수정했다는 분석이 제기된다. 올해 IT(정보기술) 업계에선 LLM 개발과 데이터센터 구축에 수 조원의 비용 투자에도 정작 이를 통한 매출은 미미하다는 우려가 커졌다. 네이버는 지난해까지 하이퍼클로바X의 데이터 학습량을 오픈AI의 GPT-4.0과 비교하며 투자 규모 경쟁을 펼쳤다. 동일한 과제를 처리할 때 토큰이 적게 들어갈수록 데이터 처리 효율이 좋아진다. /사진= 박진화 기자 이에 네이버의 연구개발비, 인프라 투자 비용도 불어났다. 지난해 개발·운영 비용은 2조5730억원으로 전년 대비 24% 증가했다. 인프라 비용은 5960억원으로 전년 보다 3% 증가했다. 반면, 하이퍼클로바X를 기반으로 한 AI 검색 서비스 '큐'(Cue:)는 유료화 전단계다. 올 3분기 기준 AI 수익이 반영된 클라우드 부문 매출(1446억원)은 전체(2조7156억원)의 5%에 불과했다. /그래프= 윤상은 기자 /그래프= 윤상은 기자 온 서비스 AI 전략은 AI를 적용한 사업 수익성 제고에 방점을 찍는다. 네이버는 주 수익 사업인 광고, 커머스, 콘텐츠 서비스 고도화에 AI를 활용한다.대표적으로 지난 10월 AI 기반 키워드 확장 매칭 서비스를 도입했다. 기존엔 광고주가 검색어와 매칭되는 키워드를 직접 등록했다면, 해당 서비스 도입으로 자동화했다. 내년 1월엔 AI로 광고를 분석해 해당 광고와 어울리는 소비자에게 자동 노출하는 '애드부스트'(ADVOOST)를 출시한다.콘텐츠 영역에선 AI를 창작 도구로 활용한다. 네이버는 올해 하반기 숏폼 영상 창작자에게 수익을 공유하는 '클립 인센티브 프로그램'을 시험 진행했다. 향후 AI를 활용해 창작자의 휴대폰 앨범 사진을 모은 하이라이트 자동 생성 등 보조 기능을 제공한다. 이렇게 만든 콘텐츠에 쇼핑 정보를 연결해 커머스 매출 확대까지 연결한다는 것이 네이버의 설명이다. 이외에 내년에 'AI 브리핑' 기능 출시 예정이다.네이버의 AI 전략 변화에 관해 김명주 서울여대 정보보호학과 교수는 ""규모와 투자 비용에 집중한 생성형AI 초기 경쟁을 지나 AI에이전트 등 서비스 특화로 가는 건 전 세계적인 흐름""이라며 ""기본적으로 소프트웨어인 AI를 여러 소프트웨어에 접목해 유용성을 더 높이는 개념""이라고 평가했다. 김 교수는 ""빅테크들이 천문학적인 비용을 투자하는 AI 시장 경쟁이 치열한 것이 사실""이라면서도 ""한국의 우수 기업도 대·중소기업, 정부가 함께 AI 생태계를 만들어나가면 승산이 있다""고 말했다."
https://n.news.naver.com/mnews/article/421/0007990815,"정부, 홈쇼핑 블랙아웃에 시정명령…'송출수수료 분쟁' 봉합될까",https://mimgnews.pstatic.net/image/origin/421/2024/12/27/7990815.jpg?type=nf220_150,뉴스1,"재판부, 가처분 판단에도 참고할 듯(과기정통부 제공)(서울=뉴스1) 양새롬 기자 = 과학기술정보통신부가 '송출수수료 인하' 갈등 속 초유의 '블랙아웃(방송 송출 중단)' 사태를 빚었던 CJ온스타일과 일부 케이블TV 유료방송사업자(SO)에 27일 시정명령을 내렸다. CJ온스타일이 전날(26일) 낮부터 송출을 재개하긴 했지만, 20여일간 이어져 온 블랙아웃 사태가 완전히 봉합될 수 있을 지 주목된다. 과기정통부 관계자는 이날 ""1개월 이내에 협상을 성실히 진행하고, 그 결과를 10일 이내에 과기정통부 장관에게 제출하라는 내용을 보냈다""라고 밝혔다. 과기정통부는 CJ온스타일이 홈쇼핑 방송채널 사용계약 가이드라인에 있는 고려요소를 잘 준수하지 않고, 정당한 사유 없이 과도하게 인하해달라고 한 것으로 판단했다. 또 과기정통부는 딜라이브·CCS충북방송·아름방송에는 추가로 시정권고도 했다. 이번에 지키지 않은 점을 앞으로는 이행하라는 뜻에서다.  CCS충북방송과 아름방송의 경우 협상 시작 2개월 전인 지난해 10월까지 협상 기준, 절차를 만들어서 홈쇼핑사에 통지했어야 하는데 이를 하지 않았다는 게 과기정통부  설명이다. 딜라이브는 가입자 수 산정 및 검증에 성실하게 임하지 않았다고 지적했다.이와 관련 CJ온스타일 측은 ""가이드라인에 기반해 성실히 협상을 진행했으나 과기부 판단 존중하며, 1개월 이내 결과 제출하기 위해 협의체에 성실히 임할 것""이라는 입장을 전했다. 한국케이블TV방송협회(KCTA)도 ""정부의 입장을 존중하며 대가검증협의체에 성실히 참여하겠다. 온스타일과도 가이드라인을 준수하며 합리적인 송출수수료 협상이 이루어질 수 있도록 노력하겠다""고 했다. 한편 현재 방송제공 중단금지 가처분을 맡고 있는 재판부도 과기정통부의 처분을 참고할 것으로 전해졌다. 재판부의 가처분 판단은 해를 넘긴 뒤에야 나올 전망이다."
https://n.news.naver.com/mnews/article/092/0002357924,"우원식 ""한덕수 탄핵 의결 정족수는 재적의원 과반수 찬성""",https://mimgnews.pstatic.net/image/origin/092/2024/12/27/2357924.jpg?type=nf220_150,지디넷코리아,"우원식 국회의장이 27일 한덕수 대통령 권한대행 국무총리 탄핵안의 가결 정족수 기준이 151석 이상 이라고 밝혔다.우 의장은 이날 오후 열린 국회 본회의에서 “국무총리 한덕수에 대한 탄핵소추안이다”며 “그러므로 헌법 제65조 2항에 따라 재적의원 과반수의 찬성으로 의결한다는 점을 말씀드린다”고 밝혔다.이어, “이 안건에 대한 의결정족수에 대해 일부 이견이 있지만, 국회 탄핵소추 의결은 직의 파면을 요구하는 것이고 이 안건의 탄핵소추 대상자는 헌법에 따라 대통령의 권한을 대신하여 행사하는 국무총리”라고 설명했다.그러면서 “헌법은 대통령에 대해서만 가중의결 정족수를 규정한다”며 “의장은 국회법 제 10조에 따라 국회 의사를 정리할 권한이 있으며 이 안건의 의사진행을 위해 헌법학계와 국회입법조사처의 의견을 종합 검토하여 의결 정족수를 판다했음을 말씀드린다”고 덧붙였다.우 의장의 이같이 밝히자 국민의힘 의원들은 의장석을 둘러싸고 “원천 무효”, “직권남용” 등의 구호를 외치며 투표에는 참여하지 않았다."
https://n.news.naver.com/mnews/article/025/0003411004,[팩플] “1000억 달러 수익 내야”…일반인공지능에 가격표 붙인 MS,https://mimgnews.pstatic.net/image/origin/025/2024/12/27/3411004.jpg?type=nf220_150,중앙일보,"  오픈AI. 로이터=연합뉴스       오픈AI, 구글 등 빅테크가 내놓은 차세대 인공지능(AI) 모델이 점점 일반인공지능(AGI)에 가까워지는 가운데, 마이크로소프트(MS)가 AGI에 ‘가격표’를 붙였다. AGI의 가치에 대해 경제적인 의미를 부여한 건 이번이 처음이다.      무슨일이야     26일(현지시간) IT 매체 디인포메이션은 “MS와 오픈AI가 AGI에 대한 정의에 합의하는 계약을 체결했다”며 “1000억 달러(약 147조원) 수익을 창출할 수 있는 시스템을 AGI로 본다는 내용”이라고 보도했다. AGI는 일반적으로 인간과 유사하거나 인간을 뛰어 넘는 AI 시스템을 말한다. 앞서 오픈AI는 홈페이지를 통해 AGI를 ‘경제적으로 가치 있는 작업에서 인간보다 우수한 성과를 내는 고도로 자율적인 시스템’이라고 정의했다. 기술적으로 AGI에 도달했는지 여부는 이사회에서 결정한다고도 했다.      이게 무슨 의미야     오픈AI는 회사 홈페이지에 ‘AGI는 모든 상업 및 IP 라이선스 계약에서 명시적으로 제외한다’고 규정해왔다. AGI의 상업적 오용을 막기 위한 장치 중 하나다. 즉 MS가 오픈AI의 GPT 등 모델을 사용하더라도, 오픈AI 이사회에서 ‘AGI에 도달했다’고 판단하면 앞으로 해당 AI 모델은 사용할 수 없다는 의미다.      그러나 디인포메이션 보도에 따르면 이번 계약으로 MS가 오픈AI의 AGI를 이용할 수 있는 길이 열렸다. 오픈AI가 기술적으로 AGI에 도달해도 1000억 달러 수익을 내지 못하면 계약상 MS는 해당 모델을 사용할 수 있다는 얘기다. 기술 개발과 컴퓨팅 비용 증가로 오픈AI의 재무적 손실은 늘어나고 있다. 2026년에는 손실이 140억 달러까지 증가할 수 있고, 2029년에야 수익을 낼 수 있다는 전망도 나온다. 그만큼 MS가 오픈AI의 기술을 쓸 수 있는 기간도 늘어날 수 있다.      AGI 도달, 기술적으로는 얼마나 남았나     (왼쪽부터) 마크 첸 오픈AI 수석부사장과 샘 올트먼 최고경영자(CEO)가 지난 20일(현지시간) 온라인 간담회에서 차세대 인공지능(AI) 모델인 'o3(오쓰리)'와 'o3 미니' 출시 계획을 공개하고 있다. 사진 오픈AI 유튜브 캡처       기술은 빠르게 발전하고 있다. 오픈AI가 지난 20일 공개한 추론형 AI 모델인 ‘o3’는 기존에 공개된 o1보다 사고력을 키운 게 특징이다. 추론에 특화시킨 모델로 수학이나 자연과학 분야를 더 학습 시킨것으로 보인다. 학습한 대규모 언어 데이터에서 확률적으로 답변을 만들어내는 GPT 등 모델과 달리, 논리적으로 생각할 수 있어 AGI에 더 가까워졌다는 평가를 받는다. IQ 테스트와 유사한 ‘도형 유추’ 문제 등을 통해 AI의 고급 추론능력을 시험하는 ‘아크 AGI(ARC-AGI)’ 시험에서도 87.5%의 정확도를 기록했다. 인간의 정확도는 85% 정도로, 이를 넘어선 건 o3가 최초다. 샘 올트먼 오픈AI 최고경영자(CEO)는 지난 4일 뉴욕타임스(NYT)와의 인터뷰에서 “우리는 대부분의 사람들이 생각하는 것보다 더 빨리 AGI에 도달할 것”이라고 밝혔다.     더중앙플러스 : 팩플 더 자세한 내용이 궁금하시다면 링크를 복사해 주소창에 붙여넣으세요.   ①내 일상이 확 달라질 걸? 당신도 된다 ‘AI 마스터’   나 빼고 다 생성 AI 쓰는 것 같아 불안하다면? ‘나도 AI마스터’ PDF북은 챗GPT부터 이미지·오피스·영상·학술·음악·코딩까지 분야별 생성 AI 사용법을 한권에 모았다. 초급, 중급, 고급 단계를 차근차근 따라가면 AI 툴을 손쉽게 익힐 수 있다. 자세한 생성AI 활용법과 주의사항, 논란거리까지 모두 담았다.  https://www.joongang.co.kr/pdf/1008   ②“네 답변은 10점 만점에 4점” 똑똑한 챗GPT 만들 조련법 [생성AI 실전팁 ① 마케터]   누구나 한 번쯤 챗GPT를 구독해 본 시대. 매달 구독료를 똑같이 내는데 옆자리 김대리는 왠지 나보다 더 잘 쓰는 것 같다면? 팩플이 업계에서 소문난 생성AI 실전 고수들을 직접 만나 들은 AI 실전 활용법을 모았다. 광고 카피 쓰기부터 시장조사 보고서 작성까지 생성AI 도움을 받아 뚝딱 일을 처리하는 AI 고수들의 노하우다. 마케터가 아닌 일반인도 활용 가능한 꿀팁도 꾹꾹 눌러 담았다. 이것만 읽으면 당신도 ‘생성AI 마케팅 고수’.  https://www.joongang.co.kr/article/25297596   ③“왜 A 안 주냐” 항의 때 내민다…챗GPT가 도와준 인사팀 명분   당장 챗GPT에 맡겨 해결할 수 있는 간단한 업무부터, 민감한 회사 자료 보안 유지해 가며 생성AI 도움받는 법까지. 사무직이라면 누구나 생산성 올릴 수 있는 오피스 AI 활용 꿀팁을 모았다.   https://www.joongang.co.kr/article/25303017   ④정답률 1.5% 킬러문항 풀었다, 30만원 챗GPT 야무진 활용법   오픈AI가 기존 유료 요금제(챗GPT 플러스·20달러)보다 10배 비싼 월 구독료 200달러를 받는 서비스를 내놨다. '챗 GPT 프로'다. 아무리 챗GPT 잘 쓰던 사람이라도, 선뜻 결제하긴 망설여지는 금액이다. 그래서 따져봤다. 200달러 챗GPT, 어디에 쓸 수 있나? 꼭 써야 하나? 오픈AI 비장의 무기, 동영상 생성 AI ‘소라’는 이 200달러짜리와 무슨 관계가 있나. 쓸까 말까, 고민하던 사람부터, 200달러짜리 챗GPT 프로 100% 활용 팁까지 궁금하다면.  https://www.joongang.co.kr/article/25301316  "
https://n.news.naver.com/mnews/article/015/0005075330,"""내년 바이오 VC투자 트렌드는 AI 신약개발과 임상 후기 데이터""",https://mimgnews.pstatic.net/image/origin/015/2024/12/27/5075330.jpg?type=nf220_150,한국경제,"내년 제약·바이오 벤처캐피털(VC) 투자는 임상 2상을 진행 중인 기업들, 그리고 인공지능(AI) 신약 플랫폼 기업에 집중될 것이란 분석이 나왔다. 투자 위험을 줄이기 위해 특히 임상 데이터를 중요시 하는 기조가 강화될 것이란 평가다.한국바이오협회는 27일 ‘2025년 글로벌 바이오파마 VC 투자 전망’이라는 제목의 보고서에서 다음과 같이 밝혔다. 내년에는 임상 데이터에 대한 수요를 기반으로 중기 및 후기 임상을 들어가고자 하는 기업에 대한 VC 투자가 계속될 것이라는 내용이 골자다.한국바이오협회 바이오경제연구센터 관계자는 “역사적으로 임상 2상 데이터는 투자자 관심을 이끌어내는 핵심 역할을 해왔다”며 “효능 및 안전성 데이터가 (후보물질의) 상업적 성공 가능성을 크게 높여주기 때문”이라고 말했다.이어 “다만 지난해는 비만 치료제 ‘붐‘으로 임상 1상 회사들에 대한 투자가 증가하는 예외적인 상황이 발생했다”며 “내년에는 임상 2상 이후로 진출하려는 기업에 대해 VC 투자가 우선시될 것으로 예상한다”고 설명했다.AI 신약개발 기업의 투자금 확보 사례로는 미국 기업 ‘자이라테라퓨틱스(이하 자이라)’가 언급됐다. 지난 5월 자이라는 VC로부터 10억달러가 넘는 투자금을 받았다. 올해 노벨화학상을 수상한 데이비드 베이커 미국 워싱턴대 교수도 자이라 설립에 참여했다.한국바이오협회 관계자는 이같은 현상에 대해 “임상 데이터 없이도 초기 단계에 대규모 투자를 유치한 기업도 있었다”며 “다만 이 분야의 선도 기업들은 임상적 검증을 입증하기 위해 고군분투 중”이라고 적었다.협회에 따르면 올해 적지 않은 바이오텍들이 기업공개(IPO)를 진행하기 앞서 임상 2상 및 3상 데이터를 제시했다. 상장 전 충분한 임상적 데이터 검증을 거치는 것으로 업계 분위기가 전환됐다는 분석이 나오는 이유다. 한편 자본시장은 상황이 나아지기까지 시간이 걸리고 있다. 투자환경이 위축돼있는 만큼 수익화 또는 대형 제약사와의 거래 가능성을 입증하는 것이 중요하다고 협회는 분석했다. 한국바이오협회 바이오경제연구센터 관계자는 “상승하는 이자율은 자금조달을 더욱 어렵게 만들고 있다”며 “임상 검증이 VC 전략의 초석으로 남는 것은 내년에도 계속될 것”이라고 설명했다. AI 신약개발 플랫폼에 대해서는 “자이라처럼 초기에 충분한 자금을 확보한 기업 수는 적지만, 전체 시장 가치에 상당한 영향을 미치고 있다”며 “AI 기반 바이오 스타트업은 견고한 성장과 높은 가치를 유지할 것으로 예상된다”고 분석했다."
https://n.news.naver.com/mnews/article/092/0002357923,롯데·신세계·한화…유통가 3세 과제 보니,https://mimgnews.pstatic.net/image/origin/092/2024/12/27/2357923.jpg?type=nf220_150,지디넷코리아,"롯데 신유열·신세계 정유경 승진…새 수익원 확보가 우선올해 유통업계는 오너 3세가 경영 전면에 나서며 세대교체가 대대적으로 실시됐다. 내수 침체 등 위기를 극복하고 새로운 먹거리를 발굴해 내겠다는 의지로 해석된다.유통업계 정기 임원인사 중 관심을 모은 곳은 롯데그룹의 신유열 롯데지주 미래성장실장의 부사장 승진과 정유경 신세계 회장의 회장 승진이다.신유열 롯데지주 부사장. (제공=롯데)시장에서는 이번 승진으로 신유열 부사장이 롯데 후계자로서의 자리를 공고히 했다는 평가가 나온다. 지난해 전무로 승진한 지 1년 만의 승진이며 입사 4년 만에 부사장 자리에 앉는 초고속 승진이기 때문이다.신 부사장은 2020년 일본 롯데에 입사했고 2022년 5월 롯데케미칼 일본지사에 상무보로 합류했고 이후 상무, 전무 등을 거쳐 부사장 자리에 올랐다.다만 최근 롯데를 둘러싼 위기설이 번지면서 이러한 상황 타개에 앞장 서야하는 신 부사장의 어깨도 무거울 것으로 관측된다. 앞서 온라인상에서 롯데그룹이 자산을 현금으로 전환할 수 있는 유동성이 위기라는 루머가 돌았다. 이에 롯데그룹은 신용도 강화를 위해 롯데월드타워를 담보로 내놓기도 했다.신 부사장은 이번 승진으로 신사업과 글로벌사업을 진두지휘할 것으로 보인다. 그룹 새 먹거리로 꼽히는 바이오 CDMO(위탁개발생산) 등을 안착시키고 글로벌 시장 개척을 본격적으로 주도할 예정이다.신세계그룹은 남매경영 시대를 본격적으로 열었다. 정유경 회장은 2015년 12월 신세계 총괄사장으로 승진한 지 9년 만에 회장으로 승진하면서다.정용진 신세계그룹 회장(왼쪽)과 정유경 신세계 회장. (제공=신세계그룹)정유경 회장 앞에는 뷰티·패션 및 면세사업을 살려야 하는 과제가 놓였다. 신세계면세점을 운영 중인 신세계디에프는 올해 3분기 영업손실 162억원을 기록하며 적자 폭이 전년 대비 확대됐다. 최근에는 2015년 창사 이래 처음으로 희망퇴직을 실시했고 유신열 대표이사를 포함한 임원 7~8명은 11부터 급여 20%를 반납하기로 했다.뷰티·패션사업을 전개하고 있는 신세계인터내셔날도 뚜렷한 성과를 내지 못하고 있다. 올해 1~3분기 매출은 9천264억원으로 전년 동기 대비 3.7% 감소했고 영업이익은 265억원으로 23.5% 줄었다.매출 감소는 패션사업 부진 때문이다. 3분기 누적 기준 화장품사업 매출은 3천47억원으로 전년 동기 대비 6.5% 늘었지만, 패션·라이프스타일사업 매출은 6천217억원으로 전년 동기 대비 8.4% 감소했다.실적 회복을 위해 화장품 사업을 강화할 것으로 전망된다. 정유경 회장은 기획전략본부에 백화점과 신세계인터내셔날의 뷰티 사업을 총괄하는 '뷰티전략 태스크포스(TF)팀'을 신설했다.올해 초 18년 만에 회장으로 승진한 정용진 회장은 본업인 이마트 수익성 개선에 성공하면서 이커머스 실적 개선에 주력하는 것으로 파악됐다.실제 이마트의 올해 3분기 매출은 7조5천85억원, 영업이익 1천117억원으로 2021년 1분기 이후 3년여 만에 분기 최대 실적을 기록했다.최근 이마트는 알리바바인터내셔널과 조인트벤처(JV)를 설립해 국내 이커머스 시장에서 경쟁력을 강화하기로 했다. 양사의 출자비율은 5대5이며, 신세계그룹은 G마켓을 현물출자하는 방식으로 참여한다. JV에는 G마켓과 알리익스프레스코리아가 자회사로 편입될 예정이다.G마켓은 신세계가 2021년 3조4천400억원을 들여 인수했지만, 인수 첫해를 제외하면 줄곧 적자를 내고 있다. 지난해에는 321억원의 영업손실을 기록했다.김동선 한화갤러리아 미래비전총괄김승연 한화그룹 회장의 막내아들인 김동선 한화갤러리아·한화호텔앤드리조트 미래비전총괄 부사장은 국내 2위 급식업체 아워홈 인수를 추진하고 있다. 아워홈 오너 일가 지분 전부를 인수하는 방향으로 협상 중이며 기업가치는 약 1조5천억원 수준으로 알려졌다.김동선 부사장은 그룹의 호텔·외식 사업을 맡고 있는데, 아워홈 인수를 통해 새 먹거리 사업으로 점찍은 푸드테크 사업을 강화할 것이라는 분석이 나온다.김 부사장은 2017년 한화호텔앤드리조트의 식음사업부(F&B)를 물적 분할해 ‘더테이스터블’을 설립했다. 올해 초 ‘한화푸드테크’로 사명을 변경한 뒤 미국 로봇 피자 브랜드 ‘스텔라피자’ 인수, 자동화 조리기를 도입한 파스타 전문점 ‘파스타X’ 오픈 등 관련 사업에 속도를 내고 있다.여기에 더해 안정적인 수익원으로서의 역할도 할 수 있을 것이란 기대다. 아워홈의 지난해 연결 기준 매출은 1조9천835억원으로 전년 대비 8% 증가했다. 영업이익은 전년 대비 75% 증가한 943억원으로 역대 최대 실적을 달성했다."
https://n.news.naver.com/mnews/article/138/0002188600,"""AI 지분 사고 나머진 팔고""…SKT, '선택과 집중' 본격화",https://mimgnews.pstatic.net/image/origin/138/2024/12/27/2188600.jpg?type=nf220_150,디지털데일리,"美 펭귄솔루션스 주식 10% 확보…SK컴즈·SK엠엔서비스 등 지분 매각SK텔레콤 T타워 전경. [ⓒ 디지털데일리][디지털데일리 채성오기자] SK텔레콤이 인공지능(AI) 사업을 위한 '선택과 집중'에 나섰다. 미국 AI 데이터센터 솔루션 업체 '펭귄솔루션스'의 지분을 추가 확보하는 한편 현재 보유중인 비AI 자·손자회사 지분을 매각할 계획이다.27일 업계에 따르면, SK텔레콤은 투자 포트폴리오를 AI 중심으로 재편하며 사업 효율성을 강화하고 있다.먼저 SK텔레콤은 지난 7월 당시 데이터센터 통합 솔루션 기업인 '스마트글로벌홀딩스(SGH·현 펭귄솔루션스)'와의 전환우선주 투자 계약을 최근 마무리짓고 지분 약 10%를 확보했다.실제로 지난 24일 SK텔레콤은 미국 증권거래위원회(SEC)에 펭귄솔루션스 지분 취득 내용을 담은 '스케줄 13D' 보고서를 제출했다고 공시했다. 스케줄 13D는 미국 증권거래법에 따라 상장 기업 지분을 5% 이상 취득하면 SEC에 제출해야 하는 공시로, 지분 보유 내역 및 매입 목적 등이 기재된다.이는 지난 7월 SK텔레콤이 밝힌 SGH와의 2억달러(약 2939억원) 규모의 전환우선주 투자 계약으로, SK텔레콤은 특수목적법인 '아스트라 AI 인프라(Astra AI Infra LLC)'를 설립하고 이를 통해 펭귄솔루션스의 전환우선주를 확보하게 됐다. 아스트라 AI 인프라는 펭귄솔루션스 전환우선주 20만주를 2억달러에 매입해 보통주로 전환할 수 있는 자격을 취득했다.아스트라 AI 인프라는 SK텔레콤에서 5GX사업개발팀장을 지낸 고영선 대표가 최고경영자로 이름을 올렸다. 등기상 아스트라 AI 인프라가 펭귄솔루션스 투자를 위한 특수목적법인으로 설립된 만큼, 향후 관련 법인의 정체성은 지분 100%를 보유하고 있는 SK텔레콤의 결정에 따라 변화될 가능성도 존재한다.해당 계약이 마무리되면서 SK텔레콤은 펭귄솔루션스의 보통주 609만6103주(지분율 10%)를 확보하게 됐다. SK텔레콤은 펭귄솔루션스와의 협력을 강화해 AI 데이터센터 경쟁력을 높인다는 계획이다. 미국 실리콘밸리에 본사를 둔 펭귄솔루션스는 1988년 설립돼 대규모 GPU 서버로 구성된 AI 클러스터를 설계·구축·운영하는 'AI 데이터센터 통합 솔루션' 전문 기업으로 지난해 '메타(옛 페이스북)'의 GPU 1만6000개 규모 '리서치 슈퍼 클러스터'를 구축한 바 있다.SK텔레콤은 AI를 위한 투자를 확대하는 한편 비주력 사업에 대한 지분 매각도 가속화할 방침이다.이를 위해 SK텔레콤은 SK엠앤서비스, F&U신용정보, SK커뮤니케이션즈 등 자사가 보유한 자·손자회사의 지분 일부 및 전량을 삼구아이앤씨에 매각하기로 결정했다. 삼구아이앤씨는 1976년 5월에 설립된 종합아웃소싱기업으로 지난해 12월 기준 창업자인 구자관 책임대표사원이 지분 46.39%로 최대주주에 이름을 올렸다.업계에 따르면 삼구아이앤씨는 SK엠앤서비스 등의 인수 및 지분 확보를 지속적으로 추진해왔고, 핵심사업을 중심으로 경영안정화를 꾀하는 SK그룹 내 리밸런싱 플랜이 맞아 떨어져 관련 계약이 성립된 것으로 알려졌다.SK엠앤서비스는 기업 및 공공기관 임직원 대상 복지서비스인 '베네피아'를 운영중이며, F&U신용정보의 경우 SK텔레콤 통신요금에 대한 채권관리 업무와 컨택센터를 운영·관리하고 있다. 과거 '넷츠고'와 '라이코스코리아' 사업부가 합쳐져 탄생했던 SK커뮤니케이션즈는 2003년 '싸이월드'와 2006년 '엠파스' 등을 인수하며 한 때 포털·커뮤니케이션 서비스 시장을 독식했던 기업으로 현재는 포털 '네이트'와 온라인메신저 '네이트온' 등을 운영하고 있다.SK텔레콤 관계자는 ""통신과 AI사업 집중 및 사업포트폴리오 효율성 제고 위해 비핵심 계열사 3곳을 매각키로 했다""며 ""SK텔레콤은 지분 매각 이후에도 3사와 사업 협력을 지속할 예정""이라고 말했다."
https://n.news.naver.com/mnews/article/648/0000031911,10년만에 폐지된 단통법…스마트폰 싸게 살 수 있을까,https://mimgnews.pstatic.net/image/origin/648/2024/12/27/31911.jpg?type=nf220_150,비즈워치,"전환지원금도 효과 미미…보조금 경쟁 시들할 듯과도한 보조금 경쟁을 막기 위해 도입됐던 단통법이 10년만에 역사 속으로 사라진다. 그러나 단통법 폐지에 따른 지원금 증대와 가계통신비 인하 효과가 나타날지는 미지수다. 이동통신 가입자가 포화상태인 만큼 과거와 같은 보조금 '출혈경쟁'이 일어나기는 어렵기 때문이다.탄핵 정국 속에서도 본회의 통과27일 과학기술정보통신부와 방송통신위원회에 따르면 국회는 전날 본회의에서 '이동통신단말장치 유통구조 개선에 관한 법률'(이하 단통법) 폐지법률안과 전기통신사업법 개정안을 통과시켰다. 당초 윤석열 대통령의 비상계엄 사태·탄핵 정국으로 미뤄질 수 있다는 전망이 나왔으나 극적으로 연내 본회의 문턱을 넘었다.단통법은 2014년 단말기 유통, 보조금 지급에 차별을 없애고자 도입됐다. 당시 통신사 간 마케팅비를 대거 투입해 과도한 판매장려금(리베이트) 경쟁이 일어났다는 이유다. 그러나 오히려 이용자가 단말기를 저렴하게 구입할 수 있는 기회가 제한됐다는 지적을 받았다.통신사 간 자유로운 경쟁을 유도해 단말기 비용 등 가계통신비 부담을 줄이겠다는 게 단통법 폐지 목적이다. 그간 단통법은 공시된 지원금보다 더 많은 지원금을 줄 수 없도록 하고, 추가지원금을 지원금의 15% 이내로 제한했다. 단통법이 폐지되면 이 상한선이 사라지면서 스마트폰을 더 저렴하게 구매할 길이 열리게 된다.지원금을 받지 않고 요금을 할인받을 수 있는 선택약정할인 제도는 유지되며, 요금할인 혜택은 현행 수준인 25% 정도로 유지된다. 이용자에 대한 단말기 구입비용 오인 유도행위 금지와 판매점 사전승낙제, 부당하게 차별적인 지원금 지급 지시·유도 금지 등은 전기통신사업법으로 이관된다.단통법 폐지안과 전기통신사업법 개정안 시행은 6개월 이후에 이뤄진다. 다음달 출시를 앞두고 있는 갤럭시S25 시리즈에는 적용되지 않는다.보조금 경쟁? 전환지원금 때도 '시들'다만 단통법 폐지로 인해 과거와 같은 치열한 보조금 경쟁이 벌어질지는 미지수다. 과거에는 통신사 간 치열한 리베이트 경쟁으로 인한 '공짜폰'이 심심찮게 나왔지만, 통신시장이 이미 포화상태인 데다 과거와 달리 단말기 교체주기도 비교적 길어졌기 때문이다.시장 분위기도 시큰둥하다. 정부가 지난 3월 시행한 전환지원금 정책도 큰 반향을 불러일으키지 못했다. 정부는 지난 3월 이동통신사업자 변경(번호이동)에 따라 최대 50만원까지 지원받을 수 있는 전환지원금 정책을 시행했지만 실제로 통신3사가 책정한 지원금은 3만~13만원 수준으로 미미했다.대통령실에 이어 방송통신위원회까지 전환지원금 상향을 요청하면서 통신3사는 전환지원금을 최대 30만~32만원까지 올렸으나 일시적이었다. 약 8개월이 지난 현재 통신3사의 전환지원금은 대부분 그때보다 대폭 내린 5만~20만원 사이에 맞춰져 있다. 삼성전자가 전환지원금 정책 시행 후 냈던 신형 스마트폰인 '갤럭시 Z폴드6'의 경우 아예 전환지원금을 책정하지 않았다.통신업계 한 관계자는 ""과거와는 상황이 다르다. 지켜봐야 하겠지만 무리하게 보조금을 준다고 가입자가 늘어나던 때와는 다르다""고 말했다. 일각에서는 단통법 폐지에 앞서 고가 요금제 사용에 대한 규제를 마련하지 않았다는 점 또한 지적한다. 전국이동통신유통회는 ""고가 요금제 강제 유도 및 장려금 차별에 대한 규제가 마련되지 않았다는 점은 매우 실망스럽다""고 밝혔다."
https://n.news.naver.com/mnews/article/092/0002357919,2024년 등장한 가장 충격적인 휴머노이드 로봇은,https://mimgnews.pstatic.net/image/origin/092/2024/12/27/2357919.jpg?type=nf220_150,지디넷코리아,"공중제비를 도는 로봇부터 인간과 비슷한 표정을 짓는 로봇까지 올해 다양한 휴머노이드 로봇이 등장했다.과학전문매체 라이브사이언스는 26일(이하 현지시간) 올해 소개됐던 휴머노이드 로봇 중 가장 진보된 로봇 7개를 선정해 보도했다.1위 테슬라 옵티머스 로봇 2세대테슬라는 지난 10월 ‘위, 로봇’(We, Robot) 행사에서 세련된 휴머노이드 로봇의 최신 세대 제품을 선보이며 참석자들을 열광시켰다. 하지만, 옵티머스 로봇이 자율적으로 움직인 것이 아닌 인간이 원격 조정한 것으로 알려지며 비판을 받기도 했다.로보택시 행사에서 선보인 옵티머스 로봇의 모습 (출처=로버트 스코블 엑스 @Scobleizer)하지만 인공지능(AI) 기술과 고급 센서를 탑재한 옵티머스 로봇은 내년 중 테슬라 공장에 도입될 예정이다. 테슬라의 막대한 자금력과 최첨단 AI 기술, 배터리 기술 및 부품에 대한 접근성을 감안할 때 2세대 옵티머스 로봇은 오늘날 가장 완벽하고 진보된 휴머노이드 로봇으로 인정받을 만하다고 해당 매체는 전했다.2위 보스턴다이내믹스 아틀라스 로봇1.5m 높이 보스턴다이내믹스사의 휴머노이드 로봇 ‘아틀라스’는 놀라운 균형 감각을 지닌 것으로 유명하다.보스턴다이내믹스가 전기 구동 방식의 '아틀라스' 로봇 신 모델을 공개했다. (영상=보스턴다이내믹스)시속 9km 속도로 달리고 점프하며 백플립도 문제 없어 균형감각은 물론 험난한 지형도 곧잘 다닐 수 있다. 하지만, 아틀라스 로봇은 아직 시제품 단계에 머물러 있어 출시되려면 조금 기다려야 할 것으로 보인다.3위 아메카 로봇영국 로봇기업 엔지니어드 아츠(Engineered Arts)가 개발한 아메카(Ameca) 로봇이 3위에 꼽혔다. 이 로봇은 사실적인 감정 표현과 손 동작을 할 수 있어 표정과 제스처는 정말 사람과 비슷해 약간 오싹한 느낌이 든다.엔지니어드 아츠가 공개한 아메카 로봇유연한 피부와 사실적인 눈에 온보드 또는 클라우드 기반 AI 기능을 갖춰 사람에게 미소로 응답하고 묻는 질문에 즉시 대답할 수도 있다. 다른 로봇들과의 차이점은 아메카가 아직 걸을 수 없다는 점이다. 대신 모듈식으로 설계돼 바퀴에 부착하거나 몸통과 머리만 구매할 수 있다.4위 피규어 02피규어 02 (사진=BMW그룹)이 로봇도 옵티머스와 비슷하게 공상과학 영화에서 튀어나온 것 같이 생겼다. AI 휴머노이드 로봇스타트업 ‘피규어 AI’가 개발한 이 로봇은 1.68m 높이에 자유롭게 걷고 짐을 옮길 수 있는 휴머노이드 로봇이다.피규어 02 로봇의 차별점은 오픈AI의 대규모 언어모델(LLM)을 적용해 말할 수 있다는 점이다. 먹을 것을 달라고 하면 사과를 건네주고 챗GPT처럼 말을 할 수 있다. 하지만, 이 로봇도 아직은 시제품 개발 단계에 머물러 있다.5위 피닉스(Phoenix) 로봇캐나다 AI 로봇 전문기업 생츄어리 AI(Sanctuary AI)는 필요에 따라 12면 주사위를 조작할 수 있을 정도로 손재주가 뛰어난 손가락을 갖춘 피닉스 로봇을 최근 공개했다.피닉스 로봇 (사진=생츄어리 AI)이 로봇은 각 손가락에 촉각 패드를 장착해 미세한 손동작이 가능하다. 하지만, 이 로봇도 아직 프로토타입에 머물러 있으며, 현재까지는 캐나다 소매점에서 상품 포장 등의 작업을 파일럿 형태로 간간히 수행하고 있다.6위 애질리티 로보틱스 디지트 로봇미국 로봇 스타트업 애질리티 로보틱스의 휴머노이드 로봇 '디지트' (사진=애질리티 로보틱스)디지트 로봇은 창고 같은 곳에서 짐을 옮기는 등의 반복적인 작업을 수행하도록 개발됐다. 디지트 로봇의 장점은 타 경쟁사와 달리 실제 현장에 투입돼 업무를 보고 있다는 점이다. 미국 조지아주 플라워리 지점의 GXO로지스틱스의 물류 시설에 디지트 로봇이 도입돼 물건을 컨베이어 벨트로 옮기고 있다. 디지트 로봇의 가격은 3만6천 달러다.7위 아폴로 로봇앱트로닉이 개발한 로봇 ‘아폴로’ 로봇은 키 173cm, 무게 72.5kg의 인간형 로봇으로 공장에서 일하는 것처럼 노인을 돌볼 수 있고 엔비디아와의 협력을 통해 AI 기술을 사용해 사람들이 수행하는 작업을 관찰해 이를 학습해 배울 수 있다.메르세데스가 아폴로 로봇을 공장에 도입해 테스트를 시작할 예정이다. (이미지=앱트로닉)하지만, 현재는 아직 프로토타입 단계이나 현재 앱트로닉은 메르세데스 벤츠와 협력에 자동차 공장에서 여러 가지 시나리오를 테스트 중이며 내년 말부터 실제 사용에 들어갈 예정이다."
https://n.news.naver.com/mnews/article/092/0002357918,"경제계-투자자, 상법개정 이견…""핀셋규제 vs 명문화 필요""",https://mimgnews.pstatic.net/image/origin/092/2024/12/27/2357918.jpg?type=nf220_150,지디넷코리아,"경제8단체-참여연대, ‘밸류업과 주주보호의 주요쟁점과 과제’ 세미나 공동개최이사의 의무를 회사에 대한 것에서 주주에 대한 것으로 확대하거나 이사의 주주이익 보호의무를 신설하는 상법·자본시장법 개정안이 발의된 가운데 대한상의 등 8개 경제단체와 참여연대가 주주보호 의무에 대해 함께 논의하는 자리를 가졌다.대한상공회의소는 27일 오후 상의회관에서‘밸류업과 주주보호의 주요쟁점과 과제’세미나를 개최했다고 밝혔다. 이 자리에는 박일준 대한상의 상근부회장과 김종보 참여연대 경제금융센터 소장을 비롯, 상법·지배구조 분야 전문가와 기업 관계자 약 80여명이 참석했다.이날 세미나에서 경제계와 투자자 측은 합병가액 산정기준이나 물적분할 후 상장시 기존 모회사 주주에 대한 신주배정 등 실제 문제가 되는 사례에 대한 자본시장법 개정에는 대체로 이견이 없었으나, 이사의 충실의무 확대 또는 이사의 주주 보호의무 신설에 대해서는 입장차가 존재했다.박일준 대한상의 상근부회장이 인사말을 하고 있다. (사진=대한상의)박일준 대한상의 상근부회장은 개회사에서 “상법 개정은 지배주주 외의 일반주주 보호라는 취지와 달리 자본력을 보유한 해외투기펀드에 악용될 소지가 크고 특히 중견·중소기업은 분쟁 대응에 취약하다”며 “다음 주 법사위 상법 공청회도 예정된 만큼 오늘의 논의가 국회의 합리적인 대안 모색에 기여할 수 있기를 바란다”고 말했다.김종보 참여연대 금융법센터 소장은 환영사에서 “기업의 이사들이 막중한 책임감을 갖고 노력하고 계시다고 믿지만, 간혹 그렇게 이해하기 어려운 경우가 있어 주주 대상 충실의무를 반영한 상법 개정이 필요하다고 본다”며 “서로의 입장을 경청하며 지혜를 모았으면 한다”고 밝혔다.문제사례별 핀셋 해결 모색 바람직 vs 문제 근본적 해결 위해 법 개정 필요이날 토론 세션에서는 신현윤 연세대 명예교수가 좌장을 맡고, 권재열 경희대 교수, 김우진 서울대 교수, 지인엽 동국대 교수, 류영재 서스틴베스트 대표, 최승재 세종대 교수, 천준범 한국기업거버넌스포럼 부회장이 토론자로 참여했다.권재열 경희대 교수는 “세계적으로 이사는 회사에 대해 의무를 부담하는 법리가 정립돼 있는데 상법 개정안은 이에 배치된다”며 “모든 주주 이익 고려는 이상적 관념에 불과한 만큼 자본시장법을 통해 문제 사례만 핀셋규제해야 한다”고 주장했다.지인엽 동국대 교수는 “코리아 디스카운트의 원인은 산업구조, 임원 성과보수 등을 종합적으로 고려해야 한다”며“상법 개정으로 행동주의펀드 경영권 탈취가 현실화되면 기업은 단기실적에만 치중하게 될 것”이라고 밝혔다.최승재 세종대 교수는 “밸류업의 핵심은 기업성과이며, 전 세계적으로 녹록지 않은 현 상황에서 총주주 이익을 우선하라는 모호한 개념이 상법에 도입될 경우 이사는 배임 우려로 어떤 의사결정도 하지 못해 기업 성장이 저해될 수 있다”고 지적했다.반면 김우진 서울대 교수는“최근 정부 자본시장법 개정안은 합병 등 4대 자본거래에 대해 구체적 주주보호절차를 명시한 점이 포인트”라면서도 “그러나 4대 유형 외의 주주이익 침해행위도 있으므로 주주보호 일반원칙 도입이 필요하다”고 말했다.류영재 서스틴베스트 대표는 “일감몰아주기 규제 등 현재도 주주보호를 위한 규제가 여러 가지로 마련돼 있지만 보다 근본적인 치료를 위해서는 이사 충실의무를 확대하는 상법 개정이 불가피하다”고 주장했다.천준범 한국기업거버넌스포럼 부회장은“지배주주 사익편취 문제를 개별 규제로 대응하는 것은 지난 30년간의 실패를 반복하는 것”이라며, “상법에 전체 주주를 위한 의사결정 원칙을 선언하는 것이 가장 효율적인 해법”이라고 말했다.한편 대한상의는 오늘 세미나를 통해 주주보호 강화의 필요성에는 공감대가 형성됐다고 보고 국회 공청회 등 입법 진행경과를 지켜보며 다른 경제단체들과 함께 상법·자본시장법 등 개정안이 기업부담을 최소화할 수 있도록 의견을 전달할 예정이다."
https://n.news.naver.com/mnews/article/366/0001043136,“2000명 새로 뽑는다”… 삼성전자·SK하이닉스 추격 나선 마이크론의 인재 사냥,https://mimgnews.pstatic.net/image/origin/366/2024/12/27/1043136.jpg?type=nf220_150,조선비즈,"美 마이크론, 대만 타이중 제3 사옥 개관식대규모 인재 영입으로 D램·HBM 경쟁력 강화대만 타이중에 있는 마이크론 팹 전경./마이크론 제공        세계 3위 메모리 반도체 기업 미국 마이크론이 대만 타이중 지역에 제3 사옥을 개관하고 2000여명 수준의 인력을 신규 충원할 계획이다. 메모리 시장의 최대 격전지로 꼽히는 첨단 D램과 고대역폭메모리(HBM) 기술 경쟁력을 강화하기 위해 대만 현지 인력뿐만 아니라 삼성전자와 SK하이닉스 등 경쟁사 출신 엔지니어들까지 대거 영입하고 있는 것으로 알려졌다.27일(현지시각) 대만 공상시보는 “직원 수 1만1000명을 보유한 마이크론 타이완이 채용 캠페인을 시작했으며, 12개월 내에 대만에서 2000명 이상의 직원을 채용할 것으로 예상된다”고 보도했다. 대만 타이중 지역에는 마이크론의 최대 D램 생산기지가 자리 잡고 있다. 마이크론의 HBM도 이곳에서 제조된다. 마이크론은 삼성전자와 SK하이닉스 등 경쟁사를 추격하기 위해 제3 사옥 건설과 함께 인재 확보에 나선 것으로 추정된다.마이크론은 최근 대만에서 근무할 삼성전자와 SK하이닉스 등 경쟁 기업을 포함한 국내 반도체 엔지니어들의 경력 채용을 경기도 판교 일대 호텔 등에서 진행한 것으로 알려졌다. 또, 이달 초 서울시립대·부산대·경북대 등 일부 국내 대학에서 ‘당일 채용(사전 지원자 대상)’이라는 조건을 내걸고 채용 설명회를 진행했다. 이공계열 졸업 예정자와 석박사 과정 기졸업자가 주요 대상으로, 공정과 품질·장비·설비·생산 엔지니어 등 10개 이상 직무에서 채용이 진행됐다.유회준 카이스트 전기·전자공학과 교수는 “마이크론이 삼성전자와 SK하이닉스 등 엔지니어들을 꾸준히 영입해 기술력을 제고해 왔던 것은 익히 알려진 사실”이라면서 “올해 삼성전자가 인사를 단행하면서 상당수 엔지니어들이 퇴직한 만큼 마이크론으로의 이직이 많을 것으로 예상되고, 국내 메모리 반도체 기업의 공정 및 개발 기술이 이전된다면 커다란 위협이 될 것으로 본다”고 했다.마이크론은 제3 사옥 개관과 함께 첨단 D램 시장에서 삼성전자와 SK하이닉스를 따라잡기 위해 공정 전환을 통해 생산능력을 갖출 계획이다. 중국 CXMT 등의 저가 물량 공세로 범용 메모리 사업이 위축될 조짐이 보이자, 삼성전자, SK하이닉스와 마찬가지로 인공지능(AI) 시장을 중심으로 수요가 확대되고 있는 서버용 D램과 같은 첨단 D램 시장을 집중 공략하겠다는 전략이다.루동휘 마이크론 타이완 대표는 25일 진행된 제3 사옥 개관식에서 “마이크론은 D램 기술 경쟁력 강화 및 생산능력 확대를 위해 그동안 대만에 1조대만달러(약 44조8000억원)을 투자해 왔다”며 “대만에서 10나노급 5세대(1b) D램이 양산 단계에 돌입했으며, 극자외선(EUV) 노광 기술을 적용한 10나노급 6세대(1γ) D램도 내년 상반기 양산될 예정”이라고 밝혔다. 10나노급 첨단 D램 공정은 세대를 거듭할수록 첨단 공정이 적용돼 크기는 줄어들고 성능과 전력 효율은 좋아진다. 현재 삼성전자와 SK하이닉스, 마이크론 등은 1a·1b D램을 주력 제품으로 시장에서 경쟁하고 있다.마이크론은 HBM 생산능력도 확충할 방침이다. 마이크론은 내년 시장 점유율을 3배가량 높이는 것으로 목표를 밝힌 바 있다. 시장조사업체 트렌드포스에 따르면 지난해 HBM 시장 점유율에서 마이크론은 9%로 SK하이닉스(53%)와 삼성전자(38%)에 크게 뒤처져 있지만, 삼성전자에 앞서 엔비디아에 5세대 HBM(HBM3E)을 공급하며 기술력에선 삼성전자를 앞서고 있다는 평가도 나온다. 마이크론은 내년 연간 6만개의 HBM을 양산할 수 있도록 생산 능력을 갖출 것으로 예상된다."
https://n.news.naver.com/mnews/article/011/0004432918,"대기업 알뜰폰 '점유율 규제' 가속…""과점 되레 강화"" 우려도",https://mimgnews.pstatic.net/image/origin/011/2024/12/27/4432918.jpg?type=nf220_150,서울경제,"■이통사·은행 등 60%로 제한국회 과기정통위 개정안 의결中企마저 ""장기적으론 손해""서울 시내 전자상가에 입점한 휴대폰 판매점. 연합뉴스[서울경제] 이동통신 3사와 은행 등 대기업 계열사의 알뜰폰(MVNO) 시장점유율을 60%로 제한하는 규제 마련에 속도가 붙었다. 알뜰폰 생태계를 활성화해 단말기유통법 폐지와 함께 국내 이동통신 시장 경쟁을 촉진할 것이라는 기대가 나온다. 다만 실효성과 부작용을 두고 정치권과 업계 내 우려도 거세다.국회 과학기술정보통신위원회는 27일 전체회의를 열고 이 같은 내용의 전기통신사업법 개정안을 의결했다. 개정안은 알뜰폰 시장에서 대기업의 시장점유율을 합산 60%로 제한한다. 이동통신 3사 계열사 5곳과 KB국민은행(리브모바일), 에스원 등이 규제 대상이다.개정안은 현재 탄핵 정국과 무관한 비 쟁점 법안인 데다 거대 야당이 주도하는 만큼 본회의 통과 가능성이 크지만 법안 내용을 두고 여야 간 이견이 첨예하다는 변수는 남아 있다. 신성범 국민의힘 의원은 이날 회의에서 “점유율 60% 제한으로는 (대기업의) 과점 구조가 강화될 수 있다”고 지적했고 유상임 과학기술정보통신부 장관도 “그런 수치(60%)는 조금 우려스러운 면이 있다”고 밝혔다. 사실상 과점 수준인 60%까지 허용하는 것으로는 법 개정의 실효성이 없을 것이라는 취지다.알뜰폰 업계에서는 점유율 규제 자체에 대한 우려가 나온다. “대기업이 점유율 제한으로 신규 가입자를 못 받으면 소비자 입장에서는 고품질 서비스에 대한 선택권을 빼앗기는 꼴”이라는 게 대기업 측 논리다. 혜택 대상인 중소 알뜰폰 업체 사이에서도 “대기업이 사업 확장 위축으로 중소 알뜰폰을 더 이상 인수합병하지 못하게 되면 장기적으로 우리에게 손해가 될 수 있다”는 반응이 나온다. 이통 3사 중에서는 SK텔레콤과 KT·LG유플러스 간 희비가 갈렸다는 분석이다. SK텔레콤은 두 경쟁사와 달리 기존 MNO 가입자의 알뜰폰 이동에 따른 객단가(ARPU) 감소를 우려해 MNO 영업에 집중해온 만큼 이번 알뜰폰 경쟁 제한이 호재가 될 수 있다.한편 이날 과방위는 ‘과학기술 분야 정부출연연구기관 등의 설립·운영 및 육성에 관한 법률’ 개정안 등 다른 9개 법안도 함께 통과시켰다. 출연연법 개정안은 정부가 출연연 원장 임기 만료 3개월 전에 후임 원장의 선임 절차에 착수하도록 의무화한다. 현재 한국항공우주연구원 등 일부 출연연의 신임 원장 공백 사태를 방지하겠다는 것이다."
https://n.news.naver.com/mnews/article/092/0002357917,"해외서 인기 'K-라면',유사품에 혼동…식품업계 ""오히려 좋아""",https://mimgnews.pstatic.net/image/origin/092/2024/12/27/2357917.jpg?type=nf220_150,지디넷코리아,"한국 라면 인기에 유사 제품 출시, 한국 연예인 모델로...현실적으로 대응 어려워국산 라면 제품의 인기가 해외까지 휩쓸자 디자인과 맛 등을 교묘하게 베낀 유사품이 출시되고 있다. 정부는 대책을 마련하겠다는 입장이다.농림축산식품부에 따르면 국내 라면 수출은 지난 2014년 이후 9년 연속 성장했으며, 올 4월 처음으로 월 수출액 1억 달러(약 1천469억원)을 넘어섰다. 지난달 기준으로 전년보다 30% 증가해 10억2천만 달러(약 1조4천988억원)를 달성해 역대 최고 실적을 넘어선 것으로 집계됐다.이런 인기 속에 일본과 동남아시아 등 현지에서 국내 제품을 모방한 유사 제품이 출시되고 있다.인도네시아의 라면 브랜드 인도미는 지난 10월 포장지에 한글을 표기한 제품 ‘한국라면’을 내놓고, 일본의 닛신식품은 삼양식품의 ‘까르보 불닭’과 디자인이 유사한 ‘UFO 볶음면 한국식 매콤달콤 까르보’를 내놨다.일본 현지에서 판매 중인 국내산 라면업계는 이러한 유사 제품이 국내 라면의 고유성을 인정받았다는 지표라고 설명했다. 농심 관계자는 “과거 양념치킨 라면을 출시했을 때도 일본 닛신식품이 유사품을 출시됐던 적이 있다”며 “세계 시장에서 국내 제품이 인정받는 만큼 이런 유사품이 범람하는 것 같다”고 전했다.불닭볶음면을 생산하는 삼양식품 역시 “맛이 아닌 포장지나 디자인 등을 카피하는 경우가 많다”며 “워낙 국내 라면의 유명세가 크다 보니 카피 제품이 나올 수밖에 없는 것 같다”고 설명했다.그러나 해외 소비자로 하여금 유사품을 국내산으로 혼동케 할 수 있다는 지적도 나온다. 앞서 언급한 ‘한국 라면’의 경우 광고 모델로 국내 가수인 뉴진스를 섭외했고, 광고와 포장지에 한글과 한국어를 넣어 충분히 오인이 가능한 상황이다.농심 관계자는 “만약 질 나쁜 유사품을 해외 소비자가 섭취했을 경우, 국내산으로 오인해 국내 제품의 신뢰성을 떨어트릴 가능성이 있다”고 우려했다. 삼양식품 역시 “제품을 출시할 때 표절이 인정되지 않을 정도로 교묘하게 베끼다 보니 현실적인 대응책이 마땅치 않다”고 전했다.이에 정부도 대책 마련에 나섰다. 특허청 관계자는 “현지에서 판매 중인 유사품이 현지 소비자에게 오인될 가능성이 있다고 판단했다”며 “이와 관련해 농식품부와 실무 협의를 하고 있는 상황”이라고 설명했다."
https://n.news.naver.com/mnews/article/092/0002357915,"삼성·SK, 낸드 불황에 원가절감 전력…구세대 설비로 개조로 'V9' 대응",https://mimgnews.pstatic.net/image/origin/092/2024/12/27/2357915.jpg?type=nf220_150,지디넷코리아,"가동률 저조한 구세대 설비 활용…신규 투자 대신 효율성 중시삼성전자·SK하이닉스 등 국내 메모리 업계가 낸드 불황에 '원가 절감' 투자 전략을 추진한다. 최근 레거시 낸드의 생산량을 크게 줄이는 동시에, 가동률이 저조한 구형 설비를 최신형 설비로 개조하기 위한 작업에 착수한 것으로 파악된다.26일 업계에 따르면 삼성전자·SK하이닉스는 올 하반기 주요 협력사에 기존 낸드용 설비의 개조를 의뢰했다.삼성전자 평택캠퍼스 조감도(사진=삼성전자)최근 낸드 시장은 PC·스마트폰 등 IT 수요의 부진으로 가격 하락세에 놓여있다. 시장조사업체 트렌드포스에 따르면 메모리카드·USB용 낸드플래시 범용제품(128Gb 16Gx8 MLC)의 11월 평균 고정거래가격은 전월 대비 29.80% 하락한 2.16달러로 집계됐다.특히 7세대 등 구형 낸드의 공급 과잉이 심각한 상황이다. IT 수요 감소와 더불어 일본 키오시아, 중국 YMTC 등 후발주자들이 경쟁에 뛰어들고 있기 때문이다.7세대(V7) 낸드는 메모리를 저장하는 셀(Cell)을 170단 내외로 적층한 낸드다. 낸드는 셀을 더 많이 쌓을수록 성능이 좋아진다. 삼성전자·SK하이닉스가 7세대 낸드 양산을 본격화한 시기는 2021년 말부터다.이에 국내 메모리 업계는 7세대 낸드 가동률을 낮추는 한편, 유휴 설비를 8·9세대 낸드용 설비로 활용할 수 있도록 협력사에 개조를 의뢰했다. 또한 기존 최선단 낸드에 대한 신규 설비투자 계획은 보류하거나 축소하기로 했다.업계 한 관계자는 ""삼성전자가 평택 공장에 낸드용 신규 설비를 도입하기로 했던 계획을 취소하고, 기존 설비를 개조해 9세대(V9) 이상의 낸드에 대응하도록 지침을 내렸다""며 ""낸드 제조의 핵심인 식각장비도 성능을 향상시키면 7세대급 장비로도 9세대 낸드 양산이 가능하다""고 밝혔다.또 다른 관계자는 ""SK하이닉스가 청주 M15팹에서 기존 7세대 양산용 설비를 9세대로 전환하기 위한 작업을 진행 중""이라며 ""설비투자가 HBM(고대역폭메모리)에 집중돼 있고, 유휴 공간이 많지 않은 만큼 투자의 효율성을 최대한 중시하는 분위기""라고 설명했다."
https://n.news.naver.com/mnews/article/366/0001043112,“매출 톱10 중 8개가 외산 게임”… 韓 모바일 시장에 K-게임 안 보인다,https://mimgnews.pstatic.net/image/origin/366/2024/12/27/1043112.jpg?type=nf220_150,조선비즈,"한국 앱스토어 매출 상위 10개 중 8개가 외산 게임’라스트 워: 서바이벌’ 등 중국 게임사 약진 눈에 띄어MMORPG 피로도 높아지고 게이머 세대교체 원인26일 구글 플레이스토어 및 애플 앱스토어 매출 상위게임 차트./모바일인덱스 캡처        한국 게임사들이 국내 모바일게임 시장을 외산 게임들에 내주면서 위기를 맞고 있다. 국내 애플리케이션(앱) 매출 목록에서 외산 게임들이 국산 게임들을 제치고 상위권을 차지하고 있기 때문이다. 특히 중국 게임사들의 약진이 두드러지는 가운데 다중접속역할수행게임(MMORPG) 일색인 국내 게임에 이용자들의 피로도가 높아졌다는 분석이 나온다. 절반 이상 외산 게임… 대부분 중국 게임사        27일 앱 통계 분석 플랫폼 모바일인덱스에 따르면 전날 기준 구글플레이 앱 매출 상위 10개 게임 중 6개를 외산 게임이 차지했다. 매출 1위는 중국의 퍼스트펀이 만든 ‘라스트워: 서바이벌’이 차지했다. 그 외 ▲4위 ‘WOS: 화이트아웃 서바이벌’ ▲5위 ‘젠레스 존 제로’ ▲6위 ‘로얄 매치’ ▲7위 ‘로블록스’ ▲10위 ‘카피바라 고(GO)’ 등이 이름을 올렸다.애플 앱스토어의 경우 사정은 더했다. 매출 상위 10개 게임 중 8개가 외산 게임이었다. 앱스토어 매출 1위 역시 ‘라스트워: 서바이벌’이었다. 이어 ▲2위 ‘WOS: 화이트아웃 서바이벌’ ▲4위 ‘포켓몬 카드 게임 포켓(Pocket)’ ▲5위 ‘카피바라 고(GO)’ ▲6위 ‘붕괴: 스타레일’ ▲8위 ‘로블록스’ ▲9위 ‘브롤스타즈’ ▲10위 ‘로얄 매치’ 등이 대표적이었다.최근 국내 모바일게임 시장에서는 중국 게임들의 약진이 두드러진다. 구글플레이에서는 매출 상위 6개 중 3개 게임이, 앱스토어에서는 매출 상위 8개 중 4개 게임이 중국산이다. ‘라스트워: 서바이벌’는 올해 들어 엔씨소프트의 ‘리니지M’을 누르고 두 마켓에서 모두 매출 순위 1위를 이어가고 있다. 이 게임은 올해 1월부터 10월까지 한국에서 올린 수익이 전년 대비 33배 증가한 2억5000만달러(3500억원)에 달했는데, 이는 전 세계에서 올린 전체 수익의 21.4%에 해당한다.중국 게임사 퍼스트펀의 ‘라스트 워: 서바이벌’ 게임 화면. /인스타그램 광고 캡처  신작 공백·비MMORPG 선호 파고든 외산 게임        국내 모바일게임 시장을 외산 게임들이 점령하게 된 이유는 복합적이다. 우선 국산 게임의 경우 기존 작품의 인기 하향세와 흥행 대작 공백으로 생긴 틈을 타 외산 게임들이 공세를 펴고 있다. 올해 출시된 국내 게임 중 마켓 상위권에 안착한 게임은 극소수이며 통상 개발 기간 등으로 매달 국산 대작이 나타나기 어려운 구조 탓에 신작 공백이 발생하고 있다. 그런데 앞선 기대작들이 유의미한 성과를 거두지 못하면서 공백기가 길어졌다는 게 업계 중론이다.아울러 MMORPG 일색인 국내 게임에 이용자들의 피로도가 높아졌다는 분석도 나온다. 이번에 상위권에 오른 외국산 게임의 공통점은 비(非)MMORPG 장르다. 캐주얼 게임, 방치형 역할수행게임(RPG), 수집형 액션 RPG, 전략 시뮬레이션 등 다양하다. 국내 MMORPG 장르의 경우 저마다 비슷한 성장 구조, 일률적인 사용자 인터페이스(UI)·사용자 경험(UX), 지나친 과금과 경쟁 유도 등이 게이머들의 피로도를 가속화했다. 최근 확률형 아이템 운영 논란도 등을 돌리게 한 이유로 지목된다.게이머들의 세대 교체로 국산 게임에 대한 관심도 줄어들고 있다. MMORPG가 주류였던 과거 세대와 달리 1020세대들은 시간과 돈이 상대적으로 덜 들어가는 게임을 선호한다. 인스타그램의 릴스나 틱톡 같은 숏폼(짧은 영상)을 즐기는 이들은 게임도 플레이 시간이 짧은 게임을 선호하는데, 해외 게임들이 그 니즈를 잘 파고들었다는 것이다.김정태 동양대 게임학부 교수는 “숏폼 콘텐츠에 익숙한 1020세대들은 진득하게 앉아 MMORPG를 플레이할 시간이 없어 캐주얼 게임이나 스낵 게임을 찾고 있다”며 “아울러 지난 3월부터 시작된 확률형 아이템 운영 논란으로, 이용자들의 게임 운영에 대한 의심이 불신으로 바뀌면서 국내 게임에 대한 충성도가 낮아졌다”고 말했다."
https://n.news.naver.com/mnews/article/119/0002908402,'보조금 제한' 단통법 역사 뒤안길로...통신비 부담 확 줄어들까,https://mimgnews.pstatic.net/image/origin/119/2024/12/27/2908402.jpg?type=nf220_150,데일리안,"26일 단통법 폐지안 국회 본회의 통과단말기 지원금 정책 운영 유연해져그럼에도 마케팅 경쟁 소극적 전망 多‘단통법 폐지 대안’ 전환지원금이 방증서울시 내 한 통신사 매장 앞으로 한 시민이 지나가고 있다. ⓒ연합뉴스[데일리안 = 민단비 기자] 이용자 차별 금지를 목표로 단말기 보조금 액수에 제한을 걸었던 단통법이 도입 10년 만에 사라졌다. 정부는 앞으로 보조금 경쟁이 활성화돼 가계통신비 부담이 줄어들 것으로 기대하고 있다. 그러 이동통신사들이 최근 AI(인공지능) 등에 투자를 늘리고 있어 단통법 도입 이전만큼의 과열 경쟁이 일어나긴 힘들 것이란 시각이 많다.27일 업계에 따르면 이동통신단말장치 유통구조 개선에 관한 법률(단통법) 폐지 법안과 전기통신사업법 개정안은 26일 국회 본회의를 통과했다. 단통법은 보조금 차별을 방지하기 위해 2014년 도입됐다. 그러나 지원금 경쟁이 위축돼 이용자가 단말기를 보다 저렴하게 구입할 수 있는 기회가 제한되고 소비자 후생이 전반적으로 감소됐다는 비판이 제기돼왔다.이에 현 정부는 단통법을 없애기로 결정하고 약 1년간의 국회 논의 끝에 폐지하기에 이르렀다. 단통법 폐지안의 핵심은 ‘단말기 지원금(공시지원금) 공시 의무’와 ‘유통점의 추가지원금 상한(공시지원금의 15% 이내)’, ‘가입유형·요금제에 따른 부당한 지원금 차별 금지’ 규제가 사라진 점이다.그간 이동통신사를 비롯한 유통점들은 ‘공시’한 지원금만 소비자에게 지급 가능했다. 이제는 지원금 공시 의무가 사라져 이전보다 더욱 유연하게 지원금 정책을 운영할 수 있게 됐다. 공시지원금의 15% 이내인 추가지원금 상한도 없어져 액수를 자유롭게 설정할 수 있다. 또 가입유형·요금제에 따른 지원금 차별 금지 규정이 없어지면서 다양한 마케팅 전략이 가능해졌다.가령 SK텔레콤의 오프라인 매장 T다이렉트샵에서 ‘갤럭시 Z플립6’의 현재 공시지원금은 58만원, 추가지원금은 공시지원금의 15%인 8만7000원으로 현재는 총 66만7000원의 단말기 할인을 받을 수 있지만 앞으로는 그 이상의 지원금이 제공될 수 있다.정부와 국회는 이같은 지원금 규제 폐지로 마케팅 경쟁이 10년 전처럼 활발해지면서 소비자들의 단말기 및 통신비 부담이 줄어들 것으로 기대하고 있다. 단통법 이전 통신사들간 고객 유치 경쟁은 현재와 비교해 2~3배 수준이었다.경쟁 활성화 정도는 번호이동(통신사 전환) 수로 엿볼 수 있다. 한국통신사업자연합회(KTOA)에 따르면 지난해 통신 3사와 알뜰폰 업체의 번호이동 수는 30~50만 수준으로, 2013년 70~110만명보다 크게 줄었다. 상한제에 따라 지원금 수준이 비슷해지면서 번호이동이 감소하는 건 당연한 수순이었다.업계 시각은 다르다. 통신산업의 한계로 AI 등 신사업에 투자를 늘리고 있어 예전과 같은 과도한 마케팅 경쟁은 없을 것이라는 관측이다. 정부는 국회의 단통법 폐지 논의가 길어질 것으로 예상되자 지난 3월 전환지원금(번호이동 시 지급)을 도입했지만 제도 활성화에 실패했다. 통신사들은 서로 합의라도 한 듯 엇비슷한 수준의 지원금을 공시했고, 총선 후인 지난 7월 출시된 갤럭시 Z6 시리즈 지원금은 아예 책정하지 않았다.한편 단말기 지원금을 받지 않는 이용자에게는 요금할인 혜택을 제공하는 제도인 선택약정할인은 전기통신사업법에 이관해 유지한다. 정부는 현행 수준의 요금할인(25%) 혜택이 소비자에게 제공되도록 할 방침이다.이용자의 나이·거주지역·신체조건에 따른 부당한 차별 금지 규정도 전기통신사업법으로 이관해 유지하기로 했다. 단통법 폐지 전 고령층, 장애인 등 정보 취약계층 보조금 차별에 대한 우려에 따라서다.단통법 폐지안과 전기통신사업법 개정안은 공포 후 6개월이 지난 날부터 시행된다. 정부는 이 기간 동안 시행령 등 하위법령을 정비할 예정이다.유상임 과기정통부 장관은 “법 폐지에 따라 발생할 수 있는 부작용을 최소화하기 위한 노력도 기울이겠다”고 말했다. 김태규 방통위 위원장 직무대행은 “향후 시장 혼란과 이용자 피해를 방지하기 위해 필요한 후속조치를 충실하게 추진하고, 단말기 유통시장이 건전하게 유지될 수 있도록 관련 상황을 주의깊게 살펴보겠다”고 전했다."
https://n.news.naver.com/mnews/article/018/0005914337,"대기업 알뜰폰 점유율 제한 법안, 과방위 전체회의 통과",https://mimgnews.pstatic.net/image/origin/018/2024/12/27/5914337.jpg?type=nf220_150,이데일리,"통신3사 자회사 및 대기업 계열사, 합산점유율 60% 규제""경쟁 경직 우려"" 여당 반대에도 야당 주도 통과[이데일리 임유경 기자] 알뜰폰 시장에서 이동통신 3사 자회사와 금융권 등 대기업 계열사의 합산 점유율을 60%로 제한하는 법안이 야당 주도로 국회 상임위 전체회의를 통과했다.최민희 과학기술정보방송통신위원회 위원장이 27일 오전 서울 여의도 국회에서 열린 과방위 전체회의에서 의사봉을 두드리고 있다.(사진=뉴스1)국회 과학기술정보방송통신위원회(과방위)는 27일 전체회의를 열고 이 같은 내용의 ‘전기통신사업법 일부개정법률안(대안)’을 가결했다. 법안은 김현 더불어민주당 의원이 대표발의한 것으로 알뜰폰 시장의 공정 경쟁환경 조성을 위해 대기업 또는 그 계열사가 알뜰폰 시장 점유율 60%를 초과할 수 없게 했고, 과기정통부장관이 알뜰폰 시장 공정 경쟁 환경 조성을 위한 시책을 마련하고 실태조사를 실시할 수 있는 법적 근거를 담았다. 이날 전체회의에서 여야는 알뜰폰 점유율 제한에 포함되는 대상과 도매대가 사전 규제 부활 여부를 놓고 이견을 보였다. 정부·여당은 통신 3사의 자회사만 대상으로 점유율을 50% 초과하지 못하게 하고, ‘도매대가 사전규제’를 부활해야 한다고 제안했지만 대안에는 모두 반영되지 않았다. 여당에서 반대 의견이 나오면서 표결을 진행한 결과 찬성 11인, 반대 5인으로 야당 주도로 통과됐다.박충권 국민의힘 의원은 통신3사와 대기업이 점유율 60% 규제에 묶일 경우 시장 경쟁이 경직될 수 있음을 우려했다. 그는 “영세 알뜰폰 업체를 살리기 위해 모든 대기업 알뜰폰의 점유율을 일괄 60% 제한하면 은행이나 IT기업 등 경쟁력을 가질 수 있는 기업들이 시장 진출에 제한이 된다”고 지적했다. 실제 대기업 계열 알뜰폰 사업자의 합산 점유율을 60%로 제한할 경우 이들의 추가 확대폭은 8.2% 정도 남았다. 과기정통부에 따르면 지난 6월 기준 휴대폰 회선만 집계했을 때 통신 3사 알뜰폰 자회사의 점유율은 47%를 기록했다. 여기에 KB국민은행의 알뜰폰 KB리브엠 등을 포함하면 51.8%에 이른다.정부·여당안을 발의한 신성범 국민의힘 의원은 도매대가 사전규제 부활이 무산된 것과 관련해 “중소 알뜰폰사를 보호하기 위해 사전규제를 도입하자는 것인데, 정책 실행의 주체인 정부 의견이 누락됐다는 점에서 걱정이 된다”고 언급했다. 도매대가 사전규제는 정부가 알뜰폰 사업자를 대신해 이동통신 3사와 통신망 도매제공 대가를 협상하는 제도다. 지난 21대 국회에서 일몰을 결정해, 내년 3월29일 이후부터 알뜰폰 사업자와 이통사가 직접 협상한 후 결과를 정부에 보고하는 사후 규제로 변경될 예정인데, 시행도 해보기 전에 정부가 사전규제 유지 필요성을 갑자기 제기해 논란이 일었다.이 같은 반대 의견에 대해 김현 의원은 “알뜰폰 기업의 경쟁력이 둔화되고 보호받지 못하기 때문에 (시장에) 칸막이를 치는 것”이라며 “점유율 60%로 정한 것은 알뜰폰 사업자들의 요청에 의한 것”이라고 설명했다. 또 “일몰되는 사전규제에 대해 정부 측에서 강하게 반영해달라고 요청했는데, 이 부분은 (사후규제 시행 후) 상황을 지켜보면서 검토하겠다는 의견을 남겼다”고 덧붙였다."
https://n.news.naver.com/mnews/article/092/0002357904,머스크도 엄마 찬스?…친중 인사로 현지서 인기,https://mimgnews.pstatic.net/image/origin/092/2024/12/27/2357904.jpg?type=nf220_150,지디넷코리아,"""메이 머스크, 가정폭력 극복 모델로 중국서 인기""일론 머스크 테슬라 최고경영자(CEO)가 중국에서 어머니 도움을 받아 사업을 키운다는 분석이 나왔다.세계에서 가장 부유한 일론 머스크의 어머니 메이 머스크가 아들의 야망을 중국에서 이뤄줄 적임자라고 영국 일간지 가디언이 25일(현지시간) 보도했다.메이가 자신의 인기를 활용해 일론의 중국 사업을 도왔다고 가디언은 분석했다. 메이가 사회관계망서비스(SNS)에 테슬라의 긍정적인 면모를 부각해 테슬라가 중국에서 완전자율주행(FSD) 소프트웨어를 시험하는 데 일조했다고 평가했다. 메이는 지난달에도 SNS에 ‘하트 눈’ 이모티콘과 중국 상하이 테슬라 공장 사진을 올렸다. 일론 생일에는 젊은 시절 일론 사진과 함께 “생일 축하한다”며 “지난 25년 동안 더 나은 세상을 만들어줘서 고맙다”고 썼다.일론 머스크 테슬라 최고경영자(CEO)의 어머니 메이 머스크가 일론 생일에 젊은 시절 일론 사진과 함께 “생일 축하한다”며 “지난 25년 동안 더 나은 세상을 만들어줘서 고맙다”고 썼다.(사진=메이 머스크 사회관계망서비스)76세 패션 모델인 메이는 몇 년 전부터 매달 중국을 찾아 각계각층과 교류하며 ‘라오펑요(오랜 친구)’로 불린다고 가디언은 전했다. 메이는 최근 항저우에서 열린 중국 의류 업체 장난부이(JNBY) 패션쇼, 우한 화장품 기업 행사, 자신의 책 ‘여자는 계획을 세운다’ 중국어판 출판 기념회 등에 참석했다. 중국 전자 회사 오포 홍보대사로도 활동하고 있다. 중국판 인스타그램으로 불리는 샤오훙수에서 메이 팬은 58만명, 중국판 틱톡인 더우인에서는 팬이 36만명이다.메이가 처음에는 일론 덕을 봤지만 시간이 갈수록 메이 인생에 중국인이 열광한다고 가디언은 설명했다. ‘억만장자 아들을 둔 눈부신 외모의 소유자’에서 ‘가정폭력을 극복하고 자녀를 억만장자로 키웠으며 스스로도 세계적인 모델이 된 사람’에게 중국인이 환호했다고 강조했다.메이는 과거 한 인터뷰에서 “전 남편 에롤 머스크와 신혼여행을 갔으나 맞아서 멍들고 임신한 상태로 돌아왔다”고 말했다. 이어 “일론은 매우 폭력적인 집에서 자랐다”고 덧붙였다. 전 남편 에롤은 가정폭력 혐의를 부인했다."
https://n.news.naver.com/mnews/article/003/0012984516,"삼성, 내달 언팩서 '갤럭시 링2'·'XR 헤드셋' 공개하나",https://mimgnews.pstatic.net/image/origin/003/2024/12/27/12984516.jpg?type=nf220_150,뉴시스,"갤럭시링 사이즈 2개 추가 전망…언팩서 티저 공개 유력차세대 XR 헤드셋 '프로젝트 무한'도 언팩서 공개 전망[서울=뉴시스] 김명년 기자 = 11일 오전 서울 마포구 삼성스토어 홍대 '갤럭시 스튜디오'에 갤럭시 링이 전시돼 있다.삼성전자는 12일부터 갤럭시 신제품군 사전판매를 시작한다. 2024.07.11. kmn@newsis.com[서울=뉴시스]최은수 기자 = 삼성전자가 내달 열리는 갤럭시 언팩 2025에서 웨어러블 제품인 '갤럭시 링' 후속작과 XR(확장현실) 헤드셋 신제품을 선보일 것이란 전망이 제기되고 있다.27일 샘모바일에 따르면 최근 독일 전자제품 매장 미디어마켓의 스위스 웹 사이트를 통해 삼성전자의 '갤럭시 링' 제품 사진이 노출됐다.공개된 제품 정보에 따르면 갤럭시 링 사이즈 옵션에 14호(지름 23㎜)와 15호(지름 23.8㎜)가 추가돼 총 11가지 사이즈로 출시될 전망이다. 가격은 429.95 스위스 프랑으로 기존 크기 제품들과 같다. 색상은 기존과 동일하게 티타늄 실버, 티타늄 골드, 티타늄 블랙 색상으로 출시될 것으로 전망된다. 더 커진 크기로 인해 배터리 용량도 증가할 것으로 예상된다. 삼성전자가 갤럭시 링에 사이즈 옵션을 늘린 것은 스마트반지 시장을 주도하고 있는 핀란드 업체 '오우라'가 지난 10월 공개한 신제품 '오우라 링4'를 견제하기 위한 조치로 해석된다. 새 갤럭시 링은 개선된 건강 데이터 센서와 인공지능(AI) 기능이 탑재되고 배터리 수명도 향상될 것으로 알려졌다.앞서 대만 IT매체 디지타임스는 삼성전자가 갤럭시 언팩 2025에서 갤럭시S25 시리즈와 함께 갤럭시 링 후속작과 XR 헤드셋의 티저를 공개할 계획이라고 밝힌 바 있다. 삼성전자는 미국 캘리포니아주 산호세에서 내년 1월 22일(현지시각) 갤럭시 언팩 행사를 열고 '갤럭시S25' 시리즈를 공개한다.새로운 갤럭시 링은 내년 언팩에서 공개된 이후 수개월이 지나 판매될 것으로 예상된다. 앞서 삼성전자는 지난해 1월 갤럭시 언팩에서 갤럭시 링 티저를 공개한 뒤 같은 해 7월 출시한 바 있다.   삼성전자가 내년 출시를 검토 중인 XR 헤드셋도 내달 언팩에서 시제품을 공개할 것으로 예측된다. 이 제품은 '프로젝트 무한'이라는 코드명으로 개발됐으며 정식 출시명은 '삼성 스위치'라는 전망이 제기되고 있다. 무게는 50g으로 기존 XR 헤드셋 대비 가벼울 것으로 추정된다. 아울러 구글의 AI 비서 ‘제미나이 2.0’이 탑재돼 자연스러운 대화 방식으로 새로운 정보를 탐색할 수 있을 전망이다.한편 삼성전자가 내달 갤럭시 언팩에서 공개하는 새 플래그십 스마트폰 '갤럭시 S25' 시리즈는 예년과 마찬가지로 일반, 플러스, 울트라 3개 모델로 구성된다. 이에 더해 두께를 줄인 ‘슬림’ 모델을 새롭게 선보일 것으로 예상된다."
https://n.news.naver.com/mnews/article/015/0005075289,"""전국민 일촌 만들었는데""…'미미해진 존재감'에 결국 매각",https://mimgnews.pstatic.net/image/origin/015/2024/12/27/5075289.jpg?type=nf220_150,한국경제,"SKT, 'SK컴즈' 삼구아이앤씨에 매각SK컴즈, 네이트온·싸이월드로 강세모바일 시대 부적응·개인정보 유출에이용자 이탈 가속화…싸이월드 매각SKT, 핵심 사업 집중 위해 매각 결정SK커뮤니케이션즈가 운영하는 포털 사이트 '네이트'. 사진=SK컴즈 홈페이지 갈무리국내 포털·메신저·사회관계망서비스(SNS) 시장을 주름잡던 SK커뮤니케이션즈가 SK텔레콤의 품을 떠난다.27일 업계에 따르면 SK텔레콤은 자회사 SK컴즈를 삼구아이앤씨에 매각하기로 했다. 구체적 규모나 매각 대금은 알려진 바 없다. SK텔레콤은 또 다른 자회사인 F&U신용정보, 손자회사인 SK엠앤서비스를 함께 매각한다. 각 사의 지분 일부나 전량을 매각하는 방식으로 진행된다. SK컴즈는 2002년 11월 출범했다. SK텔레콤 자회사 '넷츠고', 검색엔진 기업 '라이코스 코리아'를 합병한 것이다. 이듬해 8월 싸이월드와 합병했고 4년 뒤인 2007년 6월 검색 포털 엠파스를 인수하면서 덩치를 키웠다. SK컴즈는 당시만 해도 국가대표급 서비스를 운영하던 포털업계 강자였다. 토종 포털 네이트는 2001년 10월 출시된 이후 약 8년 만인 2009년 12월 검색 점유율 10%를 돌파했다. 야후를 따돌리고 네이버·다음에 이어 3위를 차지하면서 국내 포털 시장은 토종 서비스 업체를 중심으로 한 3강 체제를 갖추게 됐다. 온라인 커뮤니티 '네이트 판'은 누리꾼들 사이에서 화제성을 주도했다. 판은 지금도 화제가 될 만한 사연이나 일상 이야기를 공유하는 커뮤니티로 인기가 높다. 네이트온 역시 한때 '국민 메신저' 자리를 꿰찼다. 외산 메신저인 MSN을 밀어내고 점유율 1위를 기록했고 2012년 12월 다운로드 횟수 1500만회를 넘어섰다. 2000년대 중후반 국가대표 SNS였던 싸이월드는 '일촌'이라는 지인과의 관계를 기반으로 약 3200만명에 이르는 이용자 수를 끌어모았다. 개인 취향대로 꾸민 '미니홈피'를 통해 글과 사진을 올렸고 일촌을 맺은 지인들과 소통을 하는 식이었다. '도토리'라는 사이버머니를 국내 최초로 선보이기도 했다. 2009년 12월엔 싸이월드 내 총 일촌 건수가 10억건을 돌파했다.하지만 SK컴즈는 스마트폰 등장으로 변화한 '모바일 시대'에 적응하지 못했다. 지난해엔 영업손실 86억원을 기록했다.2011년 발생한 개인정보 유출 사건은 SK컴즈가 내리막길을 타는 결정타가 됐다. 한 해커가 그해 7월 네이트·싸이월드 회원들의 개인정보 약 3500만건을 빼냈던 것이다. 당시 개인정보 유출 사고 중에선 국내 최대 규모였다. 이후 네이트의 검색 점유율은 꾸준히 떨어졌다. 웹사이트 분석 업체 인터넷트렌드 조사를 보면 네티으는 더 이상 점유율이 별도로 표시조차 되지 않는다. 0%대 점유율을 나타낸 지 오래다.싸이월드는 모바일 시대로 접어들면서 외산 SNS에 밀려 존재감을 잃었다. SK컴즈는 2013년 12월 싸이월드를 분사시킨 다음 매각했다. SK컴즈는 과거 매각이 추진됐지만 불발되기도 했다. 실제 2015년 IHQ에 매각하는 것으로 가닥이 잡혔다. 하지만 IHQ 채권단이 동의하지 않아 무산됐다. SK텔레콤은 자회사인 SK플래닛이 가진 SK컴즈 지분 전량을 인수했다. SK컴즈는 이후 이용자 확보에 사활을 걸었다. 네이트는 국내 포털 최초로 챗GPT 기반의 대화형 인공지능(AI) 챗봇 서비스 'AI챗'을 시범 도입했다. AI챗은 이용자들이 원하는 주제·관심사에 관한 정보를 대화 형태로 제공하는 서비스다. 챗GPT와 마찬가지로 정보 검색, 이미지 생성, 번역, 이메일·보고서 작성 등을 할 때 활용할 수 있다. 영문 기반의 챗GPT보다 편리하게 사용할 수 있다는 평가를 받았다.AI 기술을 활용해 네이트온의 반등을 노리기도 했다. SK컴즈는 네이트온에 AI챗을 적용해 기능을 향상시켰다. 1대 1 대화방, 단체대화방에서도 AI챗을 이용할 수 있도록 한 것이다. 네이트온 이용자 10명 중 1명은 AI챗을 사용하고 있다. 하지만 흐름은 바뀌지 않았다. SK텔레콤은 통신·AI 등 핵심 사업에 역량을 집중할 수 있도록 SK컴즈를 매각하기로 했다. 삼구아이앤씨는 SK컴즈를 인수해 시장 내 지배력과 경쟁력을 강화하겠다는 구상이다. 이 회사는 국내 최대 아웃소싱 업체로 이번 인수를 통해 IT·아웃소싱 분야에서 새로운 가능성을 찾으려는 것으로 알려졌다. "
https://n.news.naver.com/mnews/article/092/0002357902,"정부, 기술 유출 M&A 제동 건다…벌금도 4배 ↑",https://mimgnews.pstatic.net/image/origin/092/2024/12/27/2357902.jpg?type=nf220_150,지디넷코리아,"5차 산업기술 유출 방지 종합계획 발표…클라우드 이용 방안도 논의정부가 지속 발생 중인 산업기술 유출을 방지하기 위한 제도 강화에 나선다. 처벌 규정을 대폭 강화하고, 사각지대였던 브로커에 대한 처벌 규정도 마련한다. 기술 유출 성격의 M&A는 장관 직권으로 취소할 수 있도록 할 예정이다.27일 산업통상자원부는 ‘제58회 산업기술보호위원회’를 개최해 이같은 취지를 담은 제5차 산업기술 유출방지 및 보호에 관한 종합계획과 국가첨단전략기술·국가핵심기술 수출승인(안) 등 의결 안건 총 6건을 심의하고, 국가핵심기술의 클라우드 서비스 이용방안도 논의했다.올해 11월까지 적발된 산업기술 해외 유출건수는 21건으로 유출 추이가 지속됐다. 지난 5년동안 기술 유출로 인한 기업 피해액은 25조원에 이를 것으로 추정되고 있다.이날 정인교 통상교섭본부장은 ""이달 초 미국은 첨단 반도체 장비와 HBM의 중국 수출을 통제하는 조치를 발표했고, 중국은 다음날 바로 첨단 반도체 제조에 쓰이는 핵심광물인 갈륨과 게르마늄의 대미 수출을 금지하는 조치로 응수했다""며 ""우리도 국가핵심기술의 보호 실태를 재점검하고 미흡한 부분을 과감하고 신속하게 개선해야 할 때""라고 말했다.5차 종합계획 실천과제가 포함된 '산업기술보호법' 개정안은 지난 24일 국회 법제사법위원회에서 통과된 뒤 본회의 상정을 기다리고 있다. 정 통상교섭본부장은 ""조속히 개정안을 통과시키고 시행령 등 하위 법령 개정도 추진해나가겠다""고 했다.징벌적 손배 한도 3배→5배…기술 유출 목적 편법 M&A도 '제동'이번 계획에서 정부는 다양해지고 교묘해지는 기술유출 수법에 능동적으로 대응하기 위해 현행 심사체계상 미흡한 부분을 보완키로 했다.M&A에 대한 전문적인 심사를 위해 산업기술보호 전문위원회에 M&A 분야를 신설하고, 미승인·미신고 수출 및 M&A에 대해서는 산업부 장관이 직권으로 중지·금지·원상회복 명령이 가능토록 제도를 개선한다.핵심기술 유출에 대한 수사 및 처벌도 강화한다. 해외유출 범죄 구성요건을 목적범에서 고의범으로 완화하고, 핵심기술 해외 유출 시 벌금은 15억원에서 65억원으로 인상한다. 징벌적 손해배상한도는 3배에서 5배로 확대하는 내용이 담겼다. 기술유출을 소개·알선·유인하는 브로커에 대한 처벌 근거도 마련한다.수사 측면에선 지난해 11월 출범한 ‘범정부 기술유출 합동대응단’을 적극 활용해 공조를 강화하고, 산업기술 유출 범죄 수사를 위한 특별사법경찰관 필요성에 대해서도 관계부처와 지속 논의해 나갈 계획이다. 법원의 관할집중 대상에 산업기술 유출 범죄를 추가해 재판 전문성도 제고할 예정이다.기술 유출 가능성이 낮은 핵심기술 수출행위에 대해서는 수출심의 절차를 일부 간소화 또는 면제할 수 있도록 한다. 간소화가 적용되는 세부 수출 유형에 대해서는 업종별 특성을 고려해 빠른 시일 내로 마련할 계획이다.수출 심의기간 단축을 위해 기술심사 상한제(45일, 최대 1회 45일 연장)를 도입해 신속한 기술검토가 이뤄질 수 있도록 지원한다.대부분의 기술유출이 인력을 통해 이뤄지는 점을 고려해 핵심인력에 대한 관리와 지원을 강화한다. 특허 빅데이터 분석으로 국가핵심기술 관련 핵심인력을 식별하고 기술유출 정황 발생 시 신속히 관계기관과 공유한다. 안보상 우려가 있는 외국인 연구자에 대한 비자심사 강화 방안도 마련해 나갈 예정이다. 특허심사관 채용 등 핵심인력에 대한 지원방안도 확대해 나간다.배터리·우주 '국가핵심기술' 신규 지정 추진5차 종합계획은 국가핵심기술 신규 지정 계획을 담았다. 적층세라믹콘덴서(MLCC) 설계 및 제조공정 기술(배터리 분야), 합성개구레이다(SAR) 탑재체 제작 및 검증기술(우주 분야) 등이다. 국가핵심기술로 지정되면 외국 기업에 매각하는 등 기술 수출 시 산업통상자원부 장관의 승인을 받아야 한다.최근 삼성전기가 MLCC 관련 사업에서 획득한 기술을 활용해 소형 전고체 배터리를 개발한 바 있다. SAR의 경우 지난 4월 한화시스템이 SAR위성 탑재체를 정찰위성 2호기 SAR위성 등에 공급한다고 밝혔다.삼성전기가 개발한 전고체 배터리정부는 국가핵심기술에 소재 분야 신설을 추진하고, 소부장특별법상 핵심전략기술을 산업기술로 포함해 보호할 계획이다.기술개발 속도가 빠르고 기술 분석에 고도의 전문성이 요구되는 점을 감안해 기술 전문성이 높은 기관을 ‘기술안보센터’로 지정하고 국가핵심기술의 지정과 변경을 위한 산업분석, 기술검토 등의 역할을 수행하도록 할 예정이다.국가핵심기술 보유기관을 면밀히 파악하고 관리도 강화한다. 기술보유확인제와 등록제 도입을 통해 국가핵심기술 보유 예상 기업을 신속히 식별해 보호제도 내로 편입하고, 국가핵심기술의 이동에 대해 체계적으로 모니터링해 나갈 계획이다.보유기관에 대해서는 현장 실태조사를 확대해 관리 현황을 점검하는 한편, 보안 역량이 우수한 기업에 대해서는 수출심의 간소화 등 인센티브를 제공해 자발적인 기술보호 환경 조성을 유도한다.국가핵심기술 '클라우드' 사용 허용…새해 가이드라인 발표이날 위원회는 클라우드 서비스 사용에 대한 보호조치 등 규정이 미비해 발생했던 업계 애로를 해소하기 위해 국가핵심기술에 대한 클라우드 서비스 이용방안도 논의했다.국가핵심기술 보유기관의 클라우드 사용은 허용하면서도 기술유출 가능성을 최소화하기 위해 '산업기술보호지침(산업부 고시)'에 클라우드 보호조치 기준을 마련하고, 구체적이고 기술적인 보호조치 내용에 대해서는 내년초 가이드라인을 개발·보급할 계획이다.보호조치는 ▲기술자료의 저장 공간 위치 ▲정보주체 및 사용자 권리 ▲사고시 대응절차 ▲클라우드 서비스 사업자와의 협업 등에 관한 사항이 담길 예정이다."
https://n.news.naver.com/mnews/article/469/0000840987,"MS·오픈AI가 정의하는 AGI는... ""1000억 달러 수익 내는 AI""",https://mimgnews.pstatic.net/image/origin/469/2024/12/27/840987.jpg?type=nf220_150,한국일보,"기술적 진보 대신 수익 기준 정의14조원 투자 당시 계약서에 적시마이크로소프트와 오픈AI 챗GPT 로고. AFP 연합뉴스생성 인공지능(AI) 챗GPT 개발사 오픈AI와 오픈AI의 대주주인 마이크로소프트(MS)가 범용인공지능(AGI) 정의를 자체적으로 재정립했다는 보도가 나왔다. '최소 1,000억 달러(약 147조5,100억 원)의 수익을 창출할 수 있는 AI 시스템'으로 합의하는 내용의 계약을 체결했다는 것이다. AGI는 아직 명확한 정의가 없지만 통상 인간 혹은 그 이상 수준의 지능을 갖춘 AI로 이해되고 있다. 그러나 양사는 기술적 진보가 아니라 경제적 성과를 기준으로 AGI를 규정하기로 한 것이다.미국 기술전문매체 디인포메이션은 26일(현지시간) MS가 지난해 초 오픈AI에 100억 달러(약 14조7,000억 원)를 투자하기로 했을 당시 계약서를 입수해 살펴본 결과 두 회사가 기대 수익을 중심으로 AGI를 정의한 것으로 확인됐다고 전했다. AGI의 구체적인 정의에 대한 의견이 전문가마다 분분한 가운데 AI 경쟁을 선도하는 두 회사가 어떻게 AGI를 보고 있는지 확인된 것은 처음이다. 원래 오픈AI에 30억 달러가량 투자했던 MS는 2022년 말 오픈AI가 챗GPT를 출시하며 돌풍을 일으키자 100억 달러를 추가 투자한 바 있다. AGI 정의는 두 회사의 향후 관계를 설정하는 부분에서 언급됐다고 한다. 디인포메이션에 따르면 계약서에는 '오픈AI가 AGI에 도달하면 MS는 오픈AI 기술 접근 권한을 잃게 된다'는 독특한 내용이 담겼다. MS는 투자 대가 중 하나로 자사 제품·서비스에 오픈AI의 AI 모델을 탑재하고 있는데, AGI가 실현되면 이 같은 협력이 중단된다는 의미다. 디인포메이션은 ""오픈AI는 본래 비영리단체로 설립됐고, 'AGI가 개발되면 이를 전 인류에 이익이 되도록 활용하겠다'는 사명을 갖고 있었다""며 ""AGI에 대한 MS의 접근을 차단한 것은 오픈AI의 지식재산권이 특정 대기업에 지나치게 집중되는 것을 방지하기 위한 의도""라고 설명했다.다만 오픈AI가 영리법인으로 전환을 추진 중인 것을 감안할 때 해당 계약 내용에도 변화가 생길 수 있다고 디인포메이션은 전망했다. MS가 오픈AI 기술 접근권 등은 아예 갖지 않고 투자액에 비례하는 지분만 가져가는 방안 등이 두 회사 사이에서 논의되고 있다고 한다."
